Method,Name,Error,Occurrences
PUT,PUT /api/student-responses (grade),"CatchResponseError('grade failed 500: {""details"":""Error id 8fe2a218-20a4-441c-ba42-07225a151300-8039"",""stack"":""""}')",1
PUT,PUT /api/student-responses (grade),"CatchResponseError('grade failed 500: {""details"":""Error id 8fe2a218-20a4-441c-ba42-07225a151300-7977"",""stack"":""""}')",1
PUT,PUT /api/student-responses (grade),"CatchResponseError('grade failed 500: {""details"":""Error id 8fe2a218-20a4-441c-ba42-07225a151300-8187"",""stack"":""""}')",1
PUT,PUT /api/student-responses (grade),"CatchResponseError('grade failed 500: {""details"":""Error id 8fe2a218-20a4-441c-ba42-07225a151300-6972"",""stack"":""""}')",1
PUT,PUT /api/student-responses (grade),"CatchResponseError('grade failed 500: {""details"":""Error id 8fe2a218-20a4-441c-ba42-07225a151300-8084"",""stack"":""""}')",1
PUT,PUT /api/student-responses (grade),"CatchResponseError('grade failed 500: {""details"":""Error id 8fe2a218-20a4-441c-ba42-07225a151300-8273"",""stack"":""""}')",1
PUT,PUT /api/student-responses (grade),"CatchResponseError('grade failed 500: {""details"":""Error id 8fe2a218-20a4-441c-ba42-07225a151300-7962"",""stack"":""""}')",1
PUT,PUT /api/student-responses (grade),"CatchResponseError('grade failed 500: {""details"":""Error id 8fe2a218-20a4-441c-ba42-07225a151300-7868"",""stack"":""""}')",1
PUT,PUT /api/student-responses (grade),"CatchResponseError('grade failed 500: {""details"":""Error id 8fe2a218-20a4-441c-ba42-07225a151300-6182"",""stack"":""""}')",1
PUT,PUT /api/student-responses (grade),"CatchResponseError('grade failed 500: {""details"":""Error id 8fe2a218-20a4-441c-ba42-07225a151300-5396"",""stack"":""""}')",1
PUT,PUT /api/student-responses (grade),"CatchResponseError('grade failed 500: {""details"":""Error id 8fe2a218-20a4-441c-ba42-07225a151300-6601"",""stack"":""""}')",1
PUT,PUT /api/student-responses (grade),"CatchResponseError('grade failed 500: {""details"":""Error id 8fe2a218-20a4-441c-ba42-07225a151300-5653"",""stack"":""""}')",1
PUT,PUT /api/student-responses (grade),"CatchResponseError('grade failed 500: {""details"":""Error id 8fe2a218-20a4-441c-ba42-07225a151300-6278"",""stack"":""""}')",1
PUT,PUT /api/student-responses (grade),"CatchResponseError('grade failed 500: {""details"":""Error id 8fe2a218-20a4-441c-ba42-07225a151300-5597"",""stack"":""""}')",1
PUT,PUT /api/student-responses (grade),"CatchResponseError('grade failed 500: {""details"":""Error id 8fe2a218-20a4-441c-ba42-07225a151300-8123"",""stack"":""""}')",1
PUT,PUT /api/student-responses (grade),"CatchResponseError('grade failed 500: {""details"":""Error id 8fe2a218-20a4-441c-ba42-07225a151300-7894"",""stack"":""""}')",1
PUT,PUT /api/student-responses (grade),"CatchResponseError('grade failed 500: {""details"":""Error id 8fe2a218-20a4-441c-ba42-07225a151300-7234"",""stack"":""""}')",1
PUT,PUT /api/student-responses (grade),"CatchResponseError('grade failed 500: {""details"":""Error id 8fe2a218-20a4-441c-ba42-07225a151300-8398"",""stack"":""""}')",1
PUT,PUT /api/student-responses (grade),"CatchResponseError('grade failed 500: {""details"":""Error id 8fe2a218-20a4-441c-ba42-07225a151300-6091"",""stack"":""""}')",1
PUT,PUT /api/student-responses (grade),"CatchResponseError('grade failed 500: {""details"":""Error id 8fe2a218-20a4-441c-ba42-07225a151300-7566"",""stack"":""""}')",1
PUT,PUT /api/student-responses (grade),"CatchResponseError('grade failed 500: {""details"":""Error id 8fe2a218-20a4-441c-ba42-07225a151300-6105"",""stack"":""""}')",1
PUT,PUT /api/student-responses (grade),"CatchResponseError('grade failed 500: {""details"":""Error id 8fe2a218-20a4-441c-ba42-07225a151300-7880"",""stack"":""""}')",1
PUT,PUT /api/student-responses (grade),"CatchResponseError('grade failed 500: {""details"":""Error id 8fe2a218-20a4-441c-ba42-07225a151300-7984"",""stack"":""""}')",1
PUT,PUT /api/student-responses (grade),"CatchResponseError('grade failed 500: {""details"":""Error id 8fe2a218-20a4-441c-ba42-07225a151300-5644"",""stack"":""""}')",1
PUT,PUT /api/student-responses (grade),"CatchResponseError('grade failed 500: {""details"":""Error id 8fe2a218-20a4-441c-ba42-07225a151300-7487"",""stack"":""""}')",1
PUT,PUT /api/student-responses (grade),"CatchResponseError('grade failed 500: {""details"":""Error id 8fe2a218-20a4-441c-ba42-07225a151300-5809"",""stack"":""""}')",1
PUT,PUT /api/student-responses (grade),"CatchResponseError('grade failed 500: {""details"":""Error id 8fe2a218-20a4-441c-ba42-07225a151300-6385"",""stack"":""""}')",1
PUT,PUT /api/student-responses (grade),"CatchResponseError('grade failed 500: {""details"":""Error id 8fe2a218-20a4-441c-ba42-07225a151300-5953"",""stack"":""""}')",1
PUT,PUT /api/student-responses (grade),"CatchResponseError('grade failed 500: {""details"":""Error id 8fe2a218-20a4-441c-ba42-07225a151300-6473"",""stack"":""""}')",1
PUT,PUT /api/student-responses (grade),"CatchResponseError('grade failed 500: {""details"":""Error id 8fe2a218-20a4-441c-ba42-07225a151300-6371"",""stack"":""""}')",1
PUT,PUT /api/student-responses (grade),"CatchResponseError('grade failed 500: {""details"":""Error id 8fe2a218-20a4-441c-ba42-07225a151300-6494"",""stack"":""""}')",1
PUT,PUT /api/student-responses (grade),"CatchResponseError('grade failed 500: {""details"":""Error id 8fe2a218-20a4-441c-ba42-07225a151300-7790"",""stack"":""""}')",1
PUT,PUT /api/student-responses (grade),"CatchResponseError('grade failed 500: {""details"":""Error id 8fe2a218-20a4-441c-ba42-07225a151300-5390"",""stack"":""""}')",1
PUT,PUT /api/student-responses (grade),"CatchResponseError('grade failed 500: {""details"":""Error id 8fe2a218-20a4-441c-ba42-07225a151300-7124"",""stack"":""""}')",1
PUT,PUT /api/student-responses (grade),"CatchResponseError('grade failed 500: {""details"":""Error id 8fe2a218-20a4-441c-ba42-07225a151300-5608"",""stack"":""""}')",1
PUT,PUT /api/student-responses (grade),"CatchResponseError('grade failed 500: {""details"":""Error id 8fe2a218-20a4-441c-ba42-07225a151300-5759"",""stack"":""""}')",1
PUT,PUT /api/student-responses (grade),"CatchResponseError('grade failed 500: {""details"":""Error id 8fe2a218-20a4-441c-ba42-07225a151300-6696"",""stack"":""""}')",1
PUT,PUT /api/student-responses (grade),"CatchResponseError('grade failed 500: {""details"":""Error id 8fe2a218-20a4-441c-ba42-07225a151300-7756"",""stack"":""""}')",1
PUT,PUT /api/student-responses (grade),"CatchResponseError('grade failed 500: {""details"":""Error id 8fe2a218-20a4-441c-ba42-07225a151300-6012"",""stack"":""""}')",1
PUT,PUT /api/student-responses (grade),"CatchResponseError('grade failed 500: {""details"":""Error id 8fe2a218-20a4-441c-ba42-07225a151300-6736"",""stack"":""""}')",1
PUT,PUT /api/student-responses (grade),"CatchResponseError('grade failed 500: {""details"":""Error id 8fe2a218-20a4-441c-ba42-07225a151300-6504"",""stack"":""""}')",1
PUT,PUT /api/student-responses (grade),"CatchResponseError('grade failed 500: {""details"":""Error id 8fe2a218-20a4-441c-ba42-07225a151300-7079"",""stack"":""""}')",1
PUT,PUT /api/student-responses (grade),"CatchResponseError('grade failed 500: {""details"":""Error id 8fe2a218-20a4-441c-ba42-07225a151300-5175"",""stack"":""""}')",1
PUT,PUT /api/student-responses (grade),"CatchResponseError('grade failed 500: {""details"":""Error id 8fe2a218-20a4-441c-ba42-07225a151300-5168"",""stack"":""""}')",1
PUT,PUT /api/student-responses (grade),"CatchResponseError('grade failed 500: {""details"":""Error id 8fe2a218-20a4-441c-ba42-07225a151300-5600"",""stack"":""""}')",1
PUT,PUT /api/student-responses (grade),"CatchResponseError('grade failed 500: {""details"":""Error id 8fe2a218-20a4-441c-ba42-07225a151300-7427"",""stack"":""""}')",1
PUT,PUT /api/student-responses (grade),"CatchResponseError('grade failed 500: {""details"":""Error id 8fe2a218-20a4-441c-ba42-07225a151300-7834"",""stack"":""""}')",1
PUT,PUT /api/student-responses (grade),"CatchResponseError('grade failed 500: {""details"":""Error id 8fe2a218-20a4-441c-ba42-07225a151300-7163"",""stack"":""""}')",1
PUT,PUT /api/student-responses (grade),"CatchResponseError('grade failed 500: {""details"":""Error id 8fe2a218-20a4-441c-ba42-07225a151300-8404"",""stack"":""""}')",1
PUT,PUT /api/student-responses (grade),"CatchResponseError('grade failed 500: {""details"":""Error id 8fe2a218-20a4-441c-ba42-07225a151300-6648"",""stack"":""""}')",1
PUT,PUT /api/student-responses (grade),"CatchResponseError('grade failed 500: {""details"":""Error id 8fe2a218-20a4-441c-ba42-07225a151300-7803"",""stack"":""""}')",1
PUT,PUT /api/student-responses (grade),"CatchResponseError('grade failed 500: {""details"":""Error id 8fe2a218-20a4-441c-ba42-07225a151300-7775"",""stack"":""""}')",1
PUT,PUT /api/student-responses (grade),"CatchResponseError('grade failed 500: {""details"":""Error id 8fe2a218-20a4-441c-ba42-07225a151300-5931"",""stack"":""""}')",1
PUT,PUT /api/student-responses (grade),"CatchResponseError('grade failed 500: {""details"":""Error id 8fe2a218-20a4-441c-ba42-07225a151300-7766"",""stack"":""""}')",1
PUT,PUT /api/student-responses (grade),"CatchResponseError('grade failed 500: {""details"":""Error id 8fe2a218-20a4-441c-ba42-07225a151300-5422"",""stack"":""""}')",1
PUT,PUT /api/student-responses (grade),"CatchResponseError('grade failed 500: {""details"":""Error id 8fe2a218-20a4-441c-ba42-07225a151300-5514"",""stack"":""""}')",1
PUT,PUT /api/student-responses (grade),"CatchResponseError('grade failed 500: {""details"":""Error id 8fe2a218-20a4-441c-ba42-07225a151300-5584"",""stack"":""""}')",1
PUT,PUT /api/student-responses (grade),"CatchResponseError('grade failed 500: {""details"":""Error id 8fe2a218-20a4-441c-ba42-07225a151300-5884"",""stack"":""""}')",1
GET,GET /api/students,CatchResponseError('status 500'),188
PUT,PUT /api/student-responses (grade),"CatchResponseError('grade failed 500: {""details"":""Error id 8fe2a218-20a4-441c-ba42-07225a151300-6499"",""stack"":""""}')",1
PUT,PUT /api/student-responses (grade),"CatchResponseError('grade failed 500: {""details"":""Error id 8fe2a218-20a4-441c-ba42-07225a151300-6748"",""stack"":""""}')",1
PUT,PUT /api/student-responses (grade),"CatchResponseError('grade failed 500: {""details"":""Error id 8fe2a218-20a4-441c-ba42-07225a151300-5342"",""stack"":""""}')",1
PUT,PUT /api/student-responses (grade),"CatchResponseError('grade failed 500: {""details"":""Error id 8fe2a218-20a4-441c-ba42-07225a151300-5467"",""stack"":""""}')",1
PUT,PUT /api/student-responses (grade),"CatchResponseError('grade failed 500: {""details"":""Error id 8fe2a218-20a4-441c-ba42-07225a151300-5810"",""stack"":""""}')",1
PUT,PUT /api/student-responses (grade),"CatchResponseError('grade failed 500: {""details"":""Error id 8fe2a218-20a4-441c-ba42-07225a151300-6186"",""stack"":""""}')",1
PUT,PUT /api/student-responses (grade),"CatchResponseError('grade failed 500: {""details"":""Error id 8fe2a218-20a4-441c-ba42-07225a151300-7655"",""stack"":""""}')",1
PUT,PUT /api/student-responses (grade),"CatchResponseError('grade failed 500: {""details"":""Error id 8fe2a218-20a4-441c-ba42-07225a151300-6185"",""stack"":""""}')",1
PUT,PUT /api/student-responses (grade),"CatchResponseError('grade failed 500: {""details"":""Error id 8fe2a218-20a4-441c-ba42-07225a151300-6236"",""stack"":""""}')",1
PUT,PUT /api/student-responses (grade),"CatchResponseError('grade failed 500: {""details"":""Error id 8fe2a218-20a4-441c-ba42-07225a151300-6218"",""stack"":""""}')",1
PUT,PUT /api/student-responses (grade),"CatchResponseError('grade failed 500: {""details"":""Error id 8fe2a218-20a4-441c-ba42-07225a151300-5605"",""stack"":""""}')",1
PUT,PUT /api/student-responses (grade),"CatchResponseError('grade failed 500: {""details"":""Error id 8fe2a218-20a4-441c-ba42-07225a151300-6672"",""stack"":""""}')",1
PUT,PUT /api/student-responses (grade),"CatchResponseError('grade failed 500: {""details"":""Error id 8fe2a218-20a4-441c-ba42-07225a151300-7670"",""stack"":""""}')",1
PUT,PUT /api/student-responses (grade),"CatchResponseError('grade failed 500: {""details"":""Error id 8fe2a218-20a4-441c-ba42-07225a151300-7489"",""stack"":""""}')",1
PUT,PUT /api/student-responses (grade),"CatchResponseError('grade failed 500: {""details"":""Error id 8fe2a218-20a4-441c-ba42-07225a151300-5386"",""stack"":""""}')",1
PUT,PUT /api/student-responses (grade),"CatchResponseError('grade failed 500: {""details"":""Error id 8fe2a218-20a4-441c-ba42-07225a151300-5732"",""stack"":""""}')",1
PUT,PUT /api/student-responses (grade),"CatchResponseError('grade failed 500: {""details"":""Error id 8fe2a218-20a4-441c-ba42-07225a151300-8076"",""stack"":""""}')",1
PUT,PUT /api/student-responses (grade),"CatchResponseError('grade failed 500: {""details"":""Error id 8fe2a218-20a4-441c-ba42-07225a151300-5835"",""stack"":""""}')",1
PUT,PUT /api/student-responses (grade),"CatchResponseError('grade failed 500: {""details"":""Error id 8fe2a218-20a4-441c-ba42-07225a151300-7896"",""stack"":""""}')",1
PUT,PUT /api/student-responses (grade),"CatchResponseError('grade failed 500: {""details"":""Error id 8fe2a218-20a4-441c-ba42-07225a151300-5812"",""stack"":""""}')",1
PUT,PUT /api/student-responses (grade),"CatchResponseError('grade failed 500: {""details"":""Error id 8fe2a218-20a4-441c-ba42-07225a151300-7379"",""stack"":""""}')",1
PUT,PUT /api/student-responses (grade),"CatchResponseError('grade failed 500: {""details"":""Error id 8fe2a218-20a4-441c-ba42-07225a151300-7742"",""stack"":""""}')",1
PUT,PUT /api/student-responses (grade),"CatchResponseError('grade failed 500: {""details"":""Error id 8fe2a218-20a4-441c-ba42-07225a151300-5820"",""stack"":""""}')",1
PUT,PUT /api/student-responses (grade),"CatchResponseError('grade failed 500: {""details"":""Error id 8fe2a218-20a4-441c-ba42-07225a151300-7329"",""stack"":""""}')",1
PUT,PUT /api/student-responses (grade),"CatchResponseError('grade failed 500: {""details"":""Error id 8fe2a218-20a4-441c-ba42-07225a151300-5329"",""stack"":""""}')",1
PUT,PUT /api/student-responses (grade),"CatchResponseError('grade failed 500: {""details"":""Error id 8fe2a218-20a4-441c-ba42-07225a151300-7806"",""stack"":""""}')",1
PUT,PUT /api/student-responses (grade),"CatchResponseError('grade failed 500: {""details"":""Error id 8fe2a218-20a4-441c-ba42-07225a151300-7632"",""stack"":""""}')",1
PUT,PUT /api/student-responses (grade),"CatchResponseError('grade failed 500: {""details"":""Error id 8fe2a218-20a4-441c-ba42-07225a151300-6610"",""stack"":""""}')",1
PUT,PUT /api/student-responses (grade),"CatchResponseError('grade failed 500: {""details"":""Error id 8fe2a218-20a4-441c-ba42-07225a151300-6227"",""stack"":""""}')",1
GET,GET /api/exam-sheets,CatchResponseError('status 500'),276
PUT,PUT /api/student-responses (grade),"CatchResponseError('grade failed 500: {""details"":""Error id 8fe2a218-20a4-441c-ba42-07225a151300-5507"",""stack"":""""}')",1
PUT,PUT /api/student-responses (grade),"CatchResponseError('grade failed 500: {""details"":""Error id 8fe2a218-20a4-441c-ba42-07225a151300-6353"",""stack"":""""}')",1
PUT,PUT /api/student-responses (grade),"CatchResponseError('grade failed 500: {""details"":""Error id 8fe2a218-20a4-441c-ba42-07225a151300-7548"",""stack"":""""}')",1
PUT,PUT /api/student-responses (grade),"CatchResponseError('grade failed 500: {""details"":""Error id 8fe2a218-20a4-441c-ba42-07225a151300-5484"",""stack"":""""}')",1
PUT,PUT /api/student-responses (grade),"CatchResponseError('grade failed 500: {""details"":""Error id 8fe2a218-20a4-441c-ba42-07225a151300-8248"",""stack"":""""}')",1
PUT,PUT /api/student-responses (grade),"CatchResponseError('grade failed 500: {""details"":""Error id 8fe2a218-20a4-441c-ba42-07225a151300-6670"",""stack"":""""}')",1
PUT,PUT /api/student-responses (grade),"CatchResponseError('grade failed 500: {""details"":""Error id 8fe2a218-20a4-441c-ba42-07225a151300-7849"",""stack"":""""}')",1
PUT,PUT /api/student-responses (grade),"CatchResponseError('grade failed 500: {""details"":""Error id 8fe2a218-20a4-441c-ba42-07225a151300-8157"",""stack"":""""}')",1
PUT,PUT /api/student-responses (grade),"CatchResponseError('grade failed 500: {""details"":""Error id 8fe2a218-20a4-441c-ba42-07225a151300-7183"",""stack"":""""}')",1
PUT,PUT /api/student-responses (grade),"CatchResponseError('grade failed 500: {""details"":""Error id 8fe2a218-20a4-441c-ba42-07225a151300-7947"",""stack"":""""}')",1
PUT,PUT /api/student-responses (grade),"CatchResponseError('grade failed 500: {""details"":""Error id 8fe2a218-20a4-441c-ba42-07225a151300-6600"",""stack"":""""}')",1
PUT,PUT /api/student-responses (grade),"CatchResponseError('grade failed 500: {""details"":""Error id 8fe2a218-20a4-441c-ba42-07225a151300-8047"",""stack"":""""}')",1
PUT,PUT /api/student-responses (grade),"CatchResponseError('grade failed 500: {""details"":""Error id 8fe2a218-20a4-441c-ba42-07225a151300-7389"",""stack"":""""}')",1
PUT,PUT /api/student-responses (grade),"CatchResponseError('grade failed 500: {""details"":""Error id 8fe2a218-20a4-441c-ba42-07225a151300-6779"",""stack"":""""}')",1
PUT,PUT /api/student-responses (grade),"CatchResponseError('grade failed 500: {""details"":""Error id 8fe2a218-20a4-441c-ba42-07225a151300-7154"",""stack"":""""}')",1
PUT,PUT /api/student-responses (grade),"CatchResponseError('grade failed 500: {""details"":""Error id 8fe2a218-20a4-441c-ba42-07225a151300-6691"",""stack"":""""}')",1
PUT,PUT /api/student-responses (grade),"CatchResponseError('grade failed 500: {""details"":""Error id 8fe2a218-20a4-441c-ba42-07225a151300-6731"",""stack"":""""}')",1
PUT,PUT /api/student-responses (grade),"CatchResponseError('grade failed 500: {""details"":""Error id 8fe2a218-20a4-441c-ba42-07225a151300-6403"",""stack"":""""}')",1
PUT,PUT /api/student-responses (grade),"CatchResponseError('grade failed 500: {""details"":""Error id 8fe2a218-20a4-441c-ba42-07225a151300-5242"",""stack"":""""}')",1
PUT,PUT /api/student-responses (grade),"CatchResponseError('grade failed 500: {""details"":""Error id 8fe2a218-20a4-441c-ba42-07225a151300-7517"",""stack"":""""}')",1
PUT,PUT /api/student-responses (grade),"CatchResponseError('grade failed 500: {""details"":""Error id 8fe2a218-20a4-441c-ba42-07225a151300-6176"",""stack"":""""}')",1
PUT,PUT /api/student-responses (grade),"CatchResponseError('grade failed 500: {""details"":""Error id 8fe2a218-20a4-441c-ba42-07225a151300-8138"",""stack"":""""}')",1
PUT,PUT /api/student-responses (grade),"CatchResponseError('grade failed 500: {""details"":""Error id 8fe2a218-20a4-441c-ba42-07225a151300-8314"",""stack"":""""}')",1
PUT,PUT /api/student-responses (grade),"CatchResponseError('grade failed 500: {""details"":""Error id 8fe2a218-20a4-441c-ba42-07225a151300-6250"",""stack"":""""}')",1
PUT,PUT /api/student-responses (grade),"CatchResponseError('grade failed 500: {""details"":""Error id 8fe2a218-20a4-441c-ba42-07225a151300-6878"",""stack"":""""}')",1
PUT,PUT /api/student-responses (grade),"CatchResponseError('grade failed 500: {""details"":""Error id 8fe2a218-20a4-441c-ba42-07225a151300-6967"",""stack"":""""}')",1
PUT,PUT /api/student-responses (grade),"CatchResponseError('grade failed 500: {""details"":""Error id 8fe2a218-20a4-441c-ba42-07225a151300-6642"",""stack"":""""}')",1
PUT,PUT /api/student-responses (grade),"CatchResponseError('grade failed 500: {""details"":""Error id 8fe2a218-20a4-441c-ba42-07225a151300-8040"",""stack"":""""}')",1
PUT,PUT /api/student-responses (grade),"CatchResponseError('grade failed 500: {""details"":""Error id 8fe2a218-20a4-441c-ba42-07225a151300-5965"",""stack"":""""}')",1
PUT,PUT /api/student-responses (grade),"CatchResponseError('grade failed 500: {""details"":""Error id 8fe2a218-20a4-441c-ba42-07225a151300-6262"",""stack"":""""}')",1
PUT,PUT /api/student-responses (grade),"CatchResponseError('grade failed 500: {""details"":""Error id 8fe2a218-20a4-441c-ba42-07225a151300-5756"",""stack"":""""}')",1
PUT,PUT /api/student-responses (grade),"CatchResponseError('grade failed 500: {""details"":""Error id 8fe2a218-20a4-441c-ba42-07225a151300-7438"",""stack"":""""}')",1
PUT,PUT /api/student-responses (grade),"CatchResponseError('grade failed 500: {""details"":""Error id 8fe2a218-20a4-441c-ba42-07225a151300-6065"",""stack"":""""}')",1
PUT,PUT /api/student-responses (grade),"CatchResponseError('grade failed 500: {""details"":""Error id 8fe2a218-20a4-441c-ba42-07225a151300-7208"",""stack"":""""}')",1
PUT,PUT /api/student-responses (grade),"CatchResponseError('grade failed 500: {""details"":""Error id 8fe2a218-20a4-441c-ba42-07225a151300-6115"",""stack"":""""}')",1
PUT,PUT /api/student-responses (grade),"CatchResponseError('grade failed 500: {""details"":""Error id 8fe2a218-20a4-441c-ba42-07225a151300-6811"",""stack"":""""}')",1
PUT,PUT /api/student-responses (grade),"CatchResponseError('grade failed 500: {""details"":""Error id 8fe2a218-20a4-441c-ba42-07225a151300-7812"",""stack"":""""}')",1
PUT,PUT /api/student-responses (grade),"CatchResponseError('grade failed 500: {""details"":""Error id 8fe2a218-20a4-441c-ba42-07225a151300-7258"",""stack"":""""}')",1
PUT,PUT /api/student-responses (grade),"CatchResponseError('grade failed 500: {""details"":""Error id 8fe2a218-20a4-441c-ba42-07225a151300-6944"",""stack"":""""}')",1
PUT,PUT /api/student-responses (grade),"CatchResponseError('grade failed 500: {""details"":""Error id 8fe2a218-20a4-441c-ba42-07225a151300-5326"",""stack"":""""}')",1
GET,GET /api/exams/{id},CatchResponseError('status 500'),349
PUT,PUT /api/student-responses (grade),"CatchResponseError('grade failed 500: {""details"":""Error id 8fe2a218-20a4-441c-ba42-07225a151300-5317"",""stack"":""""}')",1
PUT,PUT /api/student-responses (grade),"CatchResponseError('grade failed 500: {""details"":""Error id 8fe2a218-20a4-441c-ba42-07225a151300-8150"",""stack"":""""}')",1
PUT,PUT /api/student-responses (grade),"CatchResponseError('grade failed 500: {""details"":""Error id 8fe2a218-20a4-441c-ba42-07225a151300-7754"",""stack"":""""}')",1
PUT,PUT /api/student-responses (grade),"CatchResponseError('grade failed 500: {""details"":""Error id 8fe2a218-20a4-441c-ba42-07225a151300-5707"",""stack"":""""}')",1
PUT,PUT /api/student-responses (grade),"CatchResponseError('grade failed 500: {""details"":""Error id 8fe2a218-20a4-441c-ba42-07225a151300-6685"",""stack"":""""}')",1
PUT,PUT /api/student-responses (grade),"CatchResponseError('grade failed 500: {""details"":""Error id 8fe2a218-20a4-441c-ba42-07225a151300-6877"",""stack"":""""}')",1
PUT,PUT /api/student-responses (grade),"CatchResponseError('grade failed 500: {""details"":""Error id 8fe2a218-20a4-441c-ba42-07225a151300-5736"",""stack"":""""}')",1
PUT,PUT /api/student-responses (grade),"CatchResponseError('grade failed 500: {""details"":""Error id 8fe2a218-20a4-441c-ba42-07225a151300-6844"",""stack"":""""}')",1
PUT,PUT /api/student-responses (grade),"CatchResponseError('grade failed 500: {""details"":""Error id 8fe2a218-20a4-441c-ba42-07225a151300-6934"",""stack"":""""}')",1
PUT,PUT /api/student-responses (grade),"CatchResponseError('grade failed 500: {""details"":""Error id 8fe2a218-20a4-441c-ba42-07225a151300-5975"",""stack"":""""}')",1
PUT,PUT /api/student-responses (grade),"CatchResponseError('grade failed 500: {""details"":""Error id 8fe2a218-20a4-441c-ba42-07225a151300-5442"",""stack"":""""}')",1
PUT,PUT /api/student-responses (grade),"CatchResponseError('grade failed 500: {""details"":""Error id 8fe2a218-20a4-441c-ba42-07225a151300-5761"",""stack"":""""}')",1
PUT,PUT /api/student-responses (grade),"CatchResponseError('grade failed 500: {""details"":""Error id 8fe2a218-20a4-441c-ba42-07225a151300-6237"",""stack"":""""}')",1
PUT,PUT /api/student-responses (grade),"CatchResponseError('grade failed 500: {""details"":""Error id 8fe2a218-20a4-441c-ba42-07225a151300-8420"",""stack"":""""}')",1
PUT,PUT /api/student-responses (grade),"CatchResponseError('grade failed 500: {""details"":""Error id 8fe2a218-20a4-441c-ba42-07225a151300-6292"",""stack"":""""}')",1
PUT,PUT /api/student-responses (grade),"CatchResponseError('grade failed 500: {""details"":""Error id 8fe2a218-20a4-441c-ba42-07225a151300-6359"",""stack"":""""}')",1
PUT,PUT /api/student-responses (grade),"CatchResponseError('grade failed 500: {""details"":""Error id 8fe2a218-20a4-441c-ba42-07225a151300-7386"",""stack"":""""}')",1
PUT,PUT /api/student-responses (grade),"CatchResponseError('grade failed 500: {""details"":""Error id 8fe2a218-20a4-441c-ba42-07225a151300-7093"",""stack"":""""}')",1
PUT,PUT /api/student-responses (grade),"CatchResponseError('grade failed 500: {""details"":""Error id 8fe2a218-20a4-441c-ba42-07225a151300-7080"",""stack"":""""}')",1
PUT,PUT /api/student-responses (grade),"CatchResponseError('grade failed 500: {""details"":""Error id 8fe2a218-20a4-441c-ba42-07225a151300-8356"",""stack"":""""}')",1
PUT,PUT /api/student-responses (grade),"CatchResponseError('grade failed 500: {""details"":""Error id 8fe2a218-20a4-441c-ba42-07225a151300-5357"",""stack"":""""}')",1
PUT,PUT /api/student-responses (grade),"CatchResponseError('grade failed 500: {""details"":""Error id 8fe2a218-20a4-441c-ba42-07225a151300-5201"",""stack"":""""}')",1
PUT,PUT /api/student-responses (grade),"CatchResponseError('grade failed 500: {""details"":""Error id 8fe2a218-20a4-441c-ba42-07225a151300-6983"",""stack"":""""}')",1
PUT,PUT /api/student-responses (grade),"CatchResponseError('grade failed 500: {""details"":""Error id 8fe2a218-20a4-441c-ba42-07225a151300-5939"",""stack"":""""}')",1
PUT,PUT /api/student-responses (grade),"CatchResponseError('grade failed 500: {""details"":""Error id 8fe2a218-20a4-441c-ba42-07225a151300-5448"",""stack"":""""}')",1
PUT,PUT /api/student-responses (grade),"CatchResponseError('grade failed 500: {""details"":""Error id 8fe2a218-20a4-441c-ba42-07225a151300-7382"",""stack"":""""}')",1
PUT,PUT /api/student-responses (grade),"CatchResponseError('grade failed 500: {""details"":""Error id 8fe2a218-20a4-441c-ba42-07225a151300-6664"",""stack"":""""}')",1
PUT,PUT /api/student-responses (grade),"CatchResponseError('grade failed 500: {""details"":""Error id 8fe2a218-20a4-441c-ba42-07225a151300-5875"",""stack"":""""}')",1
PUT,PUT /api/student-responses (grade),"CatchResponseError('grade failed 500: {""details"":""Error id 8fe2a218-20a4-441c-ba42-07225a151300-7137"",""stack"":""""}')",1
PUT,PUT /api/student-responses (grade),"CatchResponseError('grade failed 500: {""details"":""Error id 8fe2a218-20a4-441c-ba42-07225a151300-5295"",""stack"":""""}')",1
PUT,PUT /api/student-responses (grade),"CatchResponseError('grade failed 500: {""details"":""Error id 8fe2a218-20a4-441c-ba42-07225a151300-5664"",""stack"":""""}')",1
PUT,PUT /api/student-responses (grade),"CatchResponseError('grade failed 500: {""details"":""Error id 8fe2a218-20a4-441c-ba42-07225a151300-6491"",""stack"":""""}')",1
PUT,PUT /api/student-responses (grade),"CatchResponseError('grade failed 500: {""details"":""Error id 8fe2a218-20a4-441c-ba42-07225a151300-6191"",""stack"":""""}')",1
PUT,PUT /api/student-responses (grade),"CatchResponseError('grade failed 500: {""details"":""Error id 8fe2a218-20a4-441c-ba42-07225a151300-5516"",""stack"":""""}')",1
GET,GET /api/courses,CatchResponseError('status 500'),460
PUT,PUT /api/student-responses (grade),"CatchResponseError('grade failed 500: {""details"":""Error id 8fe2a218-20a4-441c-ba42-07225a151300-6158"",""stack"":""""}')",1
PUT,PUT /api/student-responses (grade),"CatchResponseError('grade failed 500: {""details"":""Error id 8fe2a218-20a4-441c-ba42-07225a151300-6388"",""stack"":""""}')",1
PUT,PUT /api/student-responses (grade),"CatchResponseError('grade failed 500: {""details"":""Error id 8fe2a218-20a4-441c-ba42-07225a151300-6782"",""stack"":""""}')",1
PUT,PUT /api/student-responses (grade),"CatchResponseError('grade failed 500: {""details"":""Error id 8fe2a218-20a4-441c-ba42-07225a151300-8312"",""stack"":""""}')",1
PUT,PUT /api/student-responses (grade),"CatchResponseError('grade failed 500: {""details"":""Error id 8fe2a218-20a4-441c-ba42-07225a151300-7455"",""stack"":""""}')",1
PUT,PUT /api/student-responses (grade),"CatchResponseError('grade failed 500: {""details"":""Error id 8fe2a218-20a4-441c-ba42-07225a151300-6230"",""stack"":""""}')",1
PUT,PUT /api/student-responses (grade),"CatchResponseError('grade failed 500: {""details"":""Error id 8fe2a218-20a4-441c-ba42-07225a151300-6179"",""stack"":""""}')",1
PUT,PUT /api/student-responses (grade),"CatchResponseError('grade failed 500: {""details"":""Error id 8fe2a218-20a4-441c-ba42-07225a151300-6150"",""stack"":""""}')",1
PUT,PUT /api/student-responses (grade),"CatchResponseError('grade failed 500: {""details"":""Error id 8fe2a218-20a4-441c-ba42-07225a151300-6384"",""stack"":""""}')",1
PUT,PUT /api/student-responses (grade),"CatchResponseError('grade failed 500: {""details"":""Error id 8fe2a218-20a4-441c-ba42-07225a151300-5562"",""stack"":""""}')",1
PUT,PUT /api/student-responses (grade),"CatchResponseError('grade failed 500: {""details"":""Error id 8fe2a218-20a4-441c-ba42-07225a151300-7657"",""stack"":""""}')",1
GET,GET /api/exams,CatchResponseError('status 500'),361
PUT,PUT /api/student-responses (grade),"CatchResponseError('grade failed 500: {""details"":""Error id 8fe2a218-20a4-441c-ba42-07225a151300-6123"",""stack"":""""}')",1
PUT,PUT /api/student-responses (grade),"CatchResponseError('grade failed 500: {""details"":""Error id 8fe2a218-20a4-441c-ba42-07225a151300-6020"",""stack"":""""}')",1
PUT,PUT /api/student-responses (grade),"CatchResponseError('grade failed 500: {""details"":""Error id 8fe2a218-20a4-441c-ba42-07225a151300-6881"",""stack"":""""}')",1
PUT,PUT /api/student-responses (grade),"CatchResponseError('grade failed 500: {""details"":""Error id 8fe2a218-20a4-441c-ba42-07225a151300-7148"",""stack"":""""}')",1
PUT,PUT /api/student-responses (grade),"CatchResponseError('grade failed 500: {""details"":""Error id 8fe2a218-20a4-441c-ba42-07225a151300-7795"",""stack"":""""}')",1
PUT,PUT /api/student-responses (grade),"CatchResponseError('grade failed 500: {""details"":""Error id 8fe2a218-20a4-441c-ba42-07225a151300-6522"",""stack"":""""}')",1
PUT,PUT /api/student-responses (grade),"CatchResponseError('grade failed 500: {""details"":""Error id 8fe2a218-20a4-441c-ba42-07225a151300-8255"",""stack"":""""}')",1
PUT,PUT /api/student-responses (grade),"CatchResponseError('grade failed 500: {""details"":""Error id 8fe2a218-20a4-441c-ba42-07225a151300-6673"",""stack"":""""}')",1
PUT,PUT /api/student-responses (grade),"CatchResponseError('grade failed 500: {""details"":""Error id 8fe2a218-20a4-441c-ba42-07225a151300-8355"",""stack"":""""}')",1
PUT,PUT /api/student-responses (grade),"CatchResponseError('grade failed 500: {""details"":""Error id 8fe2a218-20a4-441c-ba42-07225a151300-8225"",""stack"":""""}')",1
PUT,PUT /api/student-responses (grade),"CatchResponseError('grade failed 500: {""details"":""Error id 8fe2a218-20a4-441c-ba42-07225a151300-6274"",""stack"":""""}')",1
PUT,PUT /api/student-responses (grade),"CatchResponseError('grade failed 500: {""details"":""Error id 8fe2a218-20a4-441c-ba42-07225a151300-7600"",""stack"":""""}')",1
PUT,PUT /api/student-responses (grade),"CatchResponseError('grade failed 500: {""details"":""Error id 8fe2a218-20a4-441c-ba42-07225a151300-7122"",""stack"":""""}')",1
PUT,PUT /api/student-responses (grade),"CatchResponseError('grade failed 500: {""details"":""Error id 8fe2a218-20a4-441c-ba42-07225a151300-5944"",""stack"":""""}')",1
PUT,PUT /api/student-responses (grade),"CatchResponseError('grade failed 500: {""details"":""Error id 8fe2a218-20a4-441c-ba42-07225a151300-5471"",""stack"":""""}')",1
PUT,PUT /api/student-responses (grade),"CatchResponseError('grade failed 500: {""details"":""Error id 8fe2a218-20a4-441c-ba42-07225a151300-6771"",""stack"":""""}')",1
PUT,PUT /api/student-responses (grade),"CatchResponseError('grade failed 500: {""details"":""Error id 8fe2a218-20a4-441c-ba42-07225a151300-7588"",""stack"":""""}')",1
PUT,PUT /api/student-responses (grade),"CatchResponseError('grade failed 500: {""details"":""Error id 8fe2a218-20a4-441c-ba42-07225a151300-6528"",""stack"":""""}')",1
PUT,PUT /api/student-responses (grade),"CatchResponseError('grade failed 500: {""details"":""Error id 8fe2a218-20a4-441c-ba42-07225a151300-6575"",""stack"":""""}')",1
PUT,PUT /api/student-responses (grade),"CatchResponseError('grade failed 500: {""details"":""Error id 8fe2a218-20a4-441c-ba42-07225a151300-5996"",""stack"":""""}')",1
PUT,PUT /api/student-responses (grade),"CatchResponseError('grade failed 500: {""details"":""Error id 8fe2a218-20a4-441c-ba42-07225a151300-8200"",""stack"":""""}')",1
PUT,PUT /api/student-responses (grade),"CatchResponseError('grade failed 500: {""details"":""Error id 8fe2a218-20a4-441c-ba42-07225a151300-6898"",""stack"":""""}')",1
PUT,PUT /api/student-responses (grade),"CatchResponseError('grade failed 500: {""details"":""Error id 8fe2a218-20a4-441c-ba42-07225a151300-5666"",""stack"":""""}')",1
PUT,PUT /api/student-responses (grade),"CatchResponseError('grade failed 500: {""details"":""Error id 8fe2a218-20a4-441c-ba42-07225a151300-6638"",""stack"":""""}')",1
PUT,PUT /api/student-responses (grade),"CatchResponseError('grade failed 500: {""details"":""Error id 8fe2a218-20a4-441c-ba42-07225a151300-7922"",""stack"":""""}')",1
PUT,PUT /api/student-responses (grade),"CatchResponseError('grade failed 500: {""details"":""Error id 8fe2a218-20a4-441c-ba42-07225a151300-6424"",""stack"":""""}')",1
PUT,PUT /api/student-responses (grade),"CatchResponseError('grade failed 500: {""details"":""Error id 8fe2a218-20a4-441c-ba42-07225a151300-8330"",""stack"":""""}')",1
PUT,PUT /api/student-responses (grade),"CatchResponseError('grade failed 500: {""details"":""Error id 8fe2a218-20a4-441c-ba42-07225a151300-5564"",""stack"":""""}')",1
PUT,PUT /api/student-responses (grade),"CatchResponseError('grade failed 500: {""details"":""Error id 8fe2a218-20a4-441c-ba42-07225a151300-8148"",""stack"":""""}')",1
PUT,PUT /api/student-responses (grade),"CatchResponseError('grade failed 500: {""details"":""Error id 8fe2a218-20a4-441c-ba42-07225a151300-7645"",""stack"":""""}')",1
PUT,PUT /api/student-responses (grade),"CatchResponseError('grade failed 500: {""details"":""Error id 8fe2a218-20a4-441c-ba42-07225a151300-5437"",""stack"":""""}')",1
PUT,PUT /api/student-responses (grade),"CatchResponseError('grade failed 500: {""details"":""Error id 8fe2a218-20a4-441c-ba42-07225a151300-8340"",""stack"":""""}')",1
PUT,PUT /api/student-responses (grade),"CatchResponseError('grade failed 500: {""details"":""Error id 8fe2a218-20a4-441c-ba42-07225a151300-7945"",""stack"":""""}')",1
PUT,PUT /api/student-responses (grade),"CatchResponseError('grade failed 500: {""details"":""Error id 8fe2a218-20a4-441c-ba42-07225a151300-6979"",""stack"":""""}')",1
PUT,PUT /api/student-responses (grade),"CatchResponseError('grade failed 500: {""details"":""Error id 8fe2a218-20a4-441c-ba42-07225a151300-7514"",""stack"":""""}')",1
PUT,PUT /api/student-responses (grade),"CatchResponseError('grade failed 500: {""details"":""Error id 8fe2a218-20a4-441c-ba42-07225a151300-6752"",""stack"":""""}')",1
PUT,PUT /api/student-responses (grade),"CatchResponseError('grade failed 500: {""details"":""Error id 8fe2a218-20a4-441c-ba42-07225a151300-5310"",""stack"":""""}')",1
PUT,PUT /api/student-responses (grade),"CatchResponseError('grade failed 500: {""details"":""Error id 8fe2a218-20a4-441c-ba42-07225a151300-6714"",""stack"":""""}')",1
PUT,PUT /api/student-responses (grade),"CatchResponseError('grade failed 500: {""details"":""Error id 8fe2a218-20a4-441c-ba42-07225a151300-6479"",""stack"":""""}')",1
PUT,PUT /api/student-responses (grade),"CatchResponseError('grade failed 500: {""details"":""Error id 8fe2a218-20a4-441c-ba42-07225a151300-6857"",""stack"":""""}')",1
PUT,PUT /api/student-responses (grade),"CatchResponseError('grade failed 500: {""details"":""Error id 8fe2a218-20a4-441c-ba42-07225a151300-7662"",""stack"":""""}')",1
PUT,PUT /api/student-responses (grade),"CatchResponseError('grade failed 500: {""details"":""Error id 8fe2a218-20a4-441c-ba42-07225a151300-6761"",""stack"":""""}')",1
PUT,PUT /api/student-responses (grade),"CatchResponseError('grade failed 500: {""details"":""Error id 8fe2a218-20a4-441c-ba42-07225a151300-5883"",""stack"":""""}')",1
PUT,PUT /api/student-responses (grade),"CatchResponseError('grade failed 500: {""details"":""Error id 8fe2a218-20a4-441c-ba42-07225a151300-6746"",""stack"":""""}')",1
PUT,PUT /api/student-responses (grade),"CatchResponseError('grade failed 500: {""details"":""Error id 8fe2a218-20a4-441c-ba42-07225a151300-6774"",""stack"":""""}')",1
PUT,PUT /api/student-responses (grade),"CatchResponseError('grade failed 500: {""details"":""Error id 8fe2a218-20a4-441c-ba42-07225a151300-6895"",""stack"":""""}')",1
PUT,PUT /api/student-responses (grade),"CatchResponseError('grade failed 500: {""details"":""Error id 8fe2a218-20a4-441c-ba42-07225a151300-6445"",""stack"":""""}')",1
PUT,PUT /api/student-responses (grade),"CatchResponseError('grade failed 500: {""details"":""Error id 8fe2a218-20a4-441c-ba42-07225a151300-7462"",""stack"":""""}')",1
PUT,PUT /api/student-responses (grade),"CatchResponseError('grade failed 500: {""details"":""Error id 8fe2a218-20a4-441c-ba42-07225a151300-7938"",""stack"":""""}')",1
PUT,PUT /api/student-responses (grade),"CatchResponseError('grade failed 500: {""details"":""Error id 8fe2a218-20a4-441c-ba42-07225a151300-6264"",""stack"":""""}')",1
PUT,PUT /api/student-responses (grade),"CatchResponseError('grade failed 500: {""details"":""Error id 8fe2a218-20a4-441c-ba42-07225a151300-6595"",""stack"":""""}')",1
PUT,PUT /api/student-responses (grade),"CatchResponseError('grade failed 500: {""details"":""Error id 8fe2a218-20a4-441c-ba42-07225a151300-6168"",""stack"":""""}')",1
PUT,PUT /api/student-responses (grade),"CatchResponseError('grade failed 500: {""details"":""Error id 8fe2a218-20a4-441c-ba42-07225a151300-5889"",""stack"":""""}')",1
PUT,PUT /api/student-responses (grade),"CatchResponseError('grade failed 500: {""details"":""Error id 8fe2a218-20a4-441c-ba42-07225a151300-7042"",""stack"":""""}')",1
PUT,PUT /api/student-responses (grade),"CatchResponseError('grade failed 500: {""details"":""Error id 8fe2a218-20a4-441c-ba42-07225a151300-6311"",""stack"":""""}')",1
PUT,PUT /api/student-responses (grade),"CatchResponseError('grade failed 500: {""details"":""Error id 8fe2a218-20a4-441c-ba42-07225a151300-8136"",""stack"":""""}')",1
PUT,PUT /api/student-responses (grade),"CatchResponseError('grade failed 500: {""details"":""Error id 8fe2a218-20a4-441c-ba42-07225a151300-7989"",""stack"":""""}')",1
PUT,PUT /api/student-responses (grade),"CatchResponseError('grade failed 500: {""details"":""Error id 8fe2a218-20a4-441c-ba42-07225a151300-5903"",""stack"":""""}')",1
PUT,PUT /api/student-responses (grade),"CatchResponseError('grade failed 500: {""details"":""Error id 8fe2a218-20a4-441c-ba42-07225a151300-6122"",""stack"":""""}')",1
PUT,PUT /api/student-responses (grade),"CatchResponseError('grade failed 500: {""details"":""Error id 8fe2a218-20a4-441c-ba42-07225a151300-7757"",""stack"":""""}')",1
PUT,PUT /api/student-responses (grade),"CatchResponseError('grade failed 500: {""details"":""Error id 8fe2a218-20a4-441c-ba42-07225a151300-6869"",""stack"":""""}')",1
PUT,PUT /api/student-responses (grade),"CatchResponseError('grade failed 500: {""details"":""Error id 8fe2a218-20a4-441c-ba42-07225a151300-5243"",""stack"":""""}')",1
PUT,PUT /api/student-responses (grade),"CatchResponseError('grade failed 500: {""details"":""Error id 8fe2a218-20a4-441c-ba42-07225a151300-6117"",""stack"":""""}')",1
PUT,PUT /api/student-responses (grade),"CatchResponseError('grade failed 500: {""details"":""Error id 8fe2a218-20a4-441c-ba42-07225a151300-8292"",""stack"":""""}')",1
PUT,PUT /api/student-responses (grade),"CatchResponseError('grade failed 500: {""details"":""Error id 8fe2a218-20a4-441c-ba42-07225a151300-7466"",""stack"":""""}')",1
PUT,PUT /api/student-responses (grade),"CatchResponseError('grade failed 500: {""details"":""Error id 8fe2a218-20a4-441c-ba42-07225a151300-6520"",""stack"":""""}')",1
PUT,PUT /api/student-responses (grade),"CatchResponseError('grade failed 500: {""details"":""Error id 8fe2a218-20a4-441c-ba42-07225a151300-6555"",""stack"":""""}')",1
PUT,PUT /api/student-responses (grade),"CatchResponseError('grade failed 500: {""details"":""Error id 8fe2a218-20a4-441c-ba42-07225a151300-8080"",""stack"":""""}')",1
PUT,PUT /api/student-responses (grade),"CatchResponseError('grade failed 500: {""details"":""Error id 8fe2a218-20a4-441c-ba42-07225a151300-6164"",""stack"":""""}')",1
PUT,PUT /api/student-responses (grade),"CatchResponseError('grade failed 500: {""details"":""Error id 8fe2a218-20a4-441c-ba42-07225a151300-7089"",""stack"":""""}')",1
GET,GET /api/questions,CatchResponseError('status 500'),205
PUT,PUT /api/student-responses (grade),"CatchResponseError('grade failed 500: {""details"":""Error id 8fe2a218-20a4-441c-ba42-07225a151300-7540"",""stack"":""""}')",1
PUT,PUT /api/student-responses (grade),"CatchResponseError('grade failed 500: {""details"":""Error id 8fe2a218-20a4-441c-ba42-07225a151300-8114"",""stack"":""""}')",1
PUT,PUT /api/student-responses (grade),"CatchResponseError('grade failed 500: {""details"":""Error id 8fe2a218-20a4-441c-ba42-07225a151300-6859"",""stack"":""""}')",1
PUT,PUT /api/student-responses (grade),"CatchResponseError('grade failed 500: {""details"":""Error id 8fe2a218-20a4-441c-ba42-07225a151300-5700"",""stack"":""""}')",1
PUT,PUT /api/student-responses (grade),"CatchResponseError('grade failed 500: {""details"":""Error id 8fe2a218-20a4-441c-ba42-07225a151300-6915"",""stack"":""""}')",1
PUT,PUT /api/student-responses (grade),"CatchResponseError('grade failed 500: {""details"":""Error id 8fe2a218-20a4-441c-ba42-07225a151300-6046"",""stack"":""""}')",1
PUT,PUT /api/student-responses (grade),"CatchResponseError('grade failed 500: {""details"":""Error id 8fe2a218-20a4-441c-ba42-07225a151300-5321"",""stack"":""""}')",1
PUT,PUT /api/student-responses (grade),"CatchResponseError('grade failed 500: {""details"":""Error id 8fe2a218-20a4-441c-ba42-07225a151300-7827"",""stack"":""""}')",1
PUT,PUT /api/student-responses (grade),"CatchResponseError('grade failed 500: {""details"":""Error id 8fe2a218-20a4-441c-ba42-07225a151300-7232"",""stack"":""""}')",1
PUT,PUT /api/student-responses (grade),"CatchResponseError('grade failed 500: {""details"":""Error id 8fe2a218-20a4-441c-ba42-07225a151300-5250"",""stack"":""""}')",1
PUT,PUT /api/student-responses (grade),"CatchResponseError('grade failed 500: {""details"":""Error id 8fe2a218-20a4-441c-ba42-07225a151300-6030"",""stack"":""""}')",1
PUT,PUT /api/student-responses (grade),"CatchResponseError('grade failed 500: {""details"":""Error id 8fe2a218-20a4-441c-ba42-07225a151300-5231"",""stack"":""""}')",1
PUT,PUT /api/student-responses (grade),"CatchResponseError('grade failed 500: {""details"":""Error id 8fe2a218-20a4-441c-ba42-07225a151300-8218"",""stack"":""""}')",1
PUT,PUT /api/student-responses (grade),"CatchResponseError('grade failed 500: {""details"":""Error id 8fe2a218-20a4-441c-ba42-07225a151300-6759"",""stack"":""""}')",1
PUT,PUT /api/student-responses (grade),"CatchResponseError('grade failed 500: {""details"":""Error id 8fe2a218-20a4-441c-ba42-07225a151300-7843"",""stack"":""""}')",1
PUT,PUT /api/student-responses (grade),"CatchResponseError('grade failed 500: {""details"":""Error id 8fe2a218-20a4-441c-ba42-07225a151300-6914"",""stack"":""""}')",1
PUT,PUT /api/student-responses (grade),"CatchResponseError('grade failed 500: {""details"":""Error id 8fe2a218-20a4-441c-ba42-07225a151300-7201"",""stack"":""""}')",1
PUT,PUT /api/student-responses (grade),"CatchResponseError('grade failed 500: {""details"":""Error id 8fe2a218-20a4-441c-ba42-07225a151300-6976"",""stack"":""""}')",1
PUT,PUT /api/student-responses (grade),"CatchResponseError('grade failed 500: {""details"":""Error id 8fe2a218-20a4-441c-ba42-07225a151300-7266"",""stack"":""""}')",1
PUT,PUT /api/student-responses (grade),"CatchResponseError('grade failed 500: {""details"":""Error id 8fe2a218-20a4-441c-ba42-07225a151300-8104"",""stack"":""""}')",1
PUT,PUT /api/student-responses (grade),"CatchResponseError('grade failed 500: {""details"":""Error id 8fe2a218-20a4-441c-ba42-07225a151300-6071"",""stack"":""""}')",1
PUT,PUT /api/student-responses (grade),"CatchResponseError('grade failed 500: {""details"":""Error id 8fe2a218-20a4-441c-ba42-07225a151300-7071"",""stack"":""""}')",1
PUT,PUT /api/student-responses (grade),"CatchResponseError('grade failed 500: {""details"":""Error id 8fe2a218-20a4-441c-ba42-07225a151300-6563"",""stack"":""""}')",1
PUT,PUT /api/student-responses (grade),"CatchResponseError('grade failed 500: {""details"":""Error id 8fe2a218-20a4-441c-ba42-07225a151300-6902"",""stack"":""""}')",1
PUT,PUT /api/student-responses (grade),"CatchResponseError('grade failed 500: {""details"":""Error id 8fe2a218-20a4-441c-ba42-07225a151300-7828"",""stack"":""""}')",1
PUT,PUT /api/student-responses (grade),"CatchResponseError('grade failed 500: {""details"":""Error id 8fe2a218-20a4-441c-ba42-07225a151300-7815"",""stack"":""""}')",1
PUT,PUT /api/student-responses (grade),"CatchResponseError('grade failed 500: {""details"":""Error id 8fe2a218-20a4-441c-ba42-07225a151300-7453"",""stack"":""""}')",1
PUT,PUT /api/student-responses (grade),"CatchResponseError('grade failed 500: {""details"":""Error id 8fe2a218-20a4-441c-ba42-07225a151300-8158"",""stack"":""""}')",1
PUT,PUT /api/student-responses (grade),"CatchResponseError('grade failed 500: {""details"":""Error id 8fe2a218-20a4-441c-ba42-07225a151300-8019"",""stack"":""""}')",1
PUT,PUT /api/student-responses (grade),"CatchResponseError('grade failed 500: {""details"":""Error id 8fe2a218-20a4-441c-ba42-07225a151300-8036"",""stack"":""""}')",1
PUT,PUT /api/student-responses (grade),"CatchResponseError('grade failed 500: {""details"":""Error id 8fe2a218-20a4-441c-ba42-07225a151300-6812"",""stack"":""""}')",1
PUT,PUT /api/student-responses (grade),"CatchResponseError('grade failed 500: {""details"":""Error id 8fe2a218-20a4-441c-ba42-07225a151300-8066"",""stack"":""""}')",1
PUT,PUT /api/student-responses (grade),"CatchResponseError('grade failed 500: {""details"":""Error id 8fe2a218-20a4-441c-ba42-07225a151300-5272"",""stack"":""""}')",1
PUT,PUT /api/student-responses (grade),"CatchResponseError('grade failed 500: {""details"":""Error id 8fe2a218-20a4-441c-ba42-07225a151300-7474"",""stack"":""""}')",1
PUT,PUT /api/student-responses (grade),"CatchResponseError('grade failed 500: {""details"":""Error id 8fe2a218-20a4-441c-ba42-07225a151300-6797"",""stack"":""""}')",1
PUT,PUT /api/student-responses (grade),"CatchResponseError('grade failed 500: {""details"":""Error id 8fe2a218-20a4-441c-ba42-07225a151300-7617"",""stack"":""""}')",1
PUT,PUT /api/student-responses (grade),"CatchResponseError('grade failed 500: {""details"":""Error id 8fe2a218-20a4-441c-ba42-07225a151300-6928"",""stack"":""""}')",1
PUT,PUT /api/student-responses (grade),"CatchResponseError('grade failed 500: {""details"":""Error id 8fe2a218-20a4-441c-ba42-07225a151300-5673"",""stack"":""""}')",1
PUT,PUT /api/student-responses (grade),"CatchResponseError('grade failed 500: {""details"":""Error id 8fe2a218-20a4-441c-ba42-07225a151300-5287"",""stack"":""""}')",1
PUT,PUT /api/student-responses (grade),"CatchResponseError('grade failed 500: {""details"":""Error id 8fe2a218-20a4-441c-ba42-07225a151300-8154"",""stack"":""""}')",1
PUT,PUT /api/student-responses (grade),"CatchResponseError('grade failed 500: {""details"":""Error id 8fe2a218-20a4-441c-ba42-07225a151300-5715"",""stack"":""""}')",1
PUT,PUT /api/student-responses (grade),"CatchResponseError('grade failed 500: {""details"":""Error id 8fe2a218-20a4-441c-ba42-07225a151300-7931"",""stack"":""""}')",1
PUT,PUT /api/student-responses (grade),"CatchResponseError('grade failed 500: {""details"":""Error id 8fe2a218-20a4-441c-ba42-07225a151300-7099"",""stack"":""""}')",1
PUT,PUT /api/student-responses (grade),"CatchResponseError('grade failed 500: {""details"":""Error id 8fe2a218-20a4-441c-ba42-07225a151300-6483"",""stack"":""""}')",1
PUT,PUT /api/student-responses (grade),"CatchResponseError('grade failed 500: {""details"":""Error id 8fe2a218-20a4-441c-ba42-07225a151300-5270"",""stack"":""""}')",1
PUT,PUT /api/student-responses (grade),"CatchResponseError('grade failed 500: {""details"":""Error id 8fe2a218-20a4-441c-ba42-07225a151300-7933"",""stack"":""""}')",1
PUT,PUT /api/student-responses (grade),"CatchResponseError('grade failed 500: {""details"":""Error id 8fe2a218-20a4-441c-ba42-07225a151300-6543"",""stack"":""""}')",1
PUT,PUT /api/student-responses (grade),"CatchResponseError('grade failed 500: {""details"":""Error id 8fe2a218-20a4-441c-ba42-07225a151300-8239"",""stack"":""""}')",1
PUT,PUT /api/student-responses (grade),"CatchResponseError('grade failed 500: {""details"":""Error id 8fe2a218-20a4-441c-ba42-07225a151300-5432"",""stack"":""""}')",1
PUT,PUT /api/student-responses (grade),"CatchResponseError('grade failed 500: {""details"":""Error id 8fe2a218-20a4-441c-ba42-07225a151300-7061"",""stack"":""""}')",1
PUT,PUT /api/student-responses (grade),"CatchResponseError('grade failed 500: {""details"":""Error id 8fe2a218-20a4-441c-ba42-07225a151300-7310"",""stack"":""""}')",1
PUT,PUT /api/student-responses (grade),"CatchResponseError('grade failed 500: {""details"":""Error id 8fe2a218-20a4-441c-ba42-07225a151300-5543"",""stack"":""""}')",1
PUT,PUT /api/student-responses (grade),"CatchResponseError('grade failed 500: {""details"":""Error id 8fe2a218-20a4-441c-ba42-07225a151300-8320"",""stack"":""""}')",1
PUT,PUT /api/student-responses (grade),"CatchResponseError('grade failed 500: {""details"":""Error id 8fe2a218-20a4-441c-ba42-07225a151300-6174"",""stack"":""""}')",1
PUT,PUT /api/student-responses (grade),"CatchResponseError('grade failed 500: {""details"":""Error id 8fe2a218-20a4-441c-ba42-07225a151300-7471"",""stack"":""""}')",1
PUT,PUT /api/student-responses (grade),"CatchResponseError('grade failed 500: {""details"":""Error id 8fe2a218-20a4-441c-ba42-07225a151300-7086"",""stack"":""""}')",1
PUT,PUT /api/student-responses (grade),"CatchResponseError('grade failed 500: {""details"":""Error id 8fe2a218-20a4-441c-ba42-07225a151300-7817"",""stack"":""""}')",1
PUT,PUT /api/student-responses (grade),"CatchResponseError('grade failed 500: {""details"":""Error id 8fe2a218-20a4-441c-ba42-07225a151300-5157"",""stack"":""""}')",1
PUT,PUT /api/student-responses (grade),"CatchResponseError('grade failed 500: {""details"":""Error id 8fe2a218-20a4-441c-ba42-07225a151300-5982"",""stack"":""""}')",1
PUT,PUT /api/student-responses (grade),"CatchResponseError('grade failed 500: {""details"":""Error id 8fe2a218-20a4-441c-ba42-07225a151300-8018"",""stack"":""""}')",1
GET,GET /api/student-responses,CatchResponseError('status 500'),170
PUT,PUT /api/student-responses (grade),"CatchResponseError('grade failed 500: {""details"":""Error id 8fe2a218-20a4-441c-ba42-07225a151300-7702"",""stack"":""""}')",1
PUT,PUT /api/student-responses (grade),"CatchResponseError('grade failed 500: {""details"":""Error id 8fe2a218-20a4-441c-ba42-07225a151300-5885"",""stack"":""""}')",1
PUT,PUT /api/student-responses (grade),"CatchResponseError('grade failed 500: {""details"":""Error id 8fe2a218-20a4-441c-ba42-07225a151300-7627"",""stack"":""""}')",1
PUT,PUT /api/student-responses (grade),"CatchResponseError('grade failed 500: {""details"":""Error id 8fe2a218-20a4-441c-ba42-07225a151300-8377"",""stack"":""""}')",1
PUT,PUT /api/student-responses (grade),"CatchResponseError('grade failed 500: {""details"":""Error id 8fe2a218-20a4-441c-ba42-07225a151300-7262"",""stack"":""""}')",1
PUT,PUT /api/student-responses (grade),"CatchResponseError('grade failed 500: {""details"":""Error id 8fe2a218-20a4-441c-ba42-07225a151300-6719"",""stack"":""""}')",1
PUT,PUT /api/student-responses (grade),"CatchResponseError('grade failed 500: {""details"":""Error id 8fe2a218-20a4-441c-ba42-07225a151300-8254"",""stack"":""""}')",1
PUT,PUT /api/student-responses (grade),"CatchResponseError('grade failed 500: {""details"":""Error id 8fe2a218-20a4-441c-ba42-07225a151300-6603"",""stack"":""""}')",1
PUT,PUT /api/student-responses (grade),"CatchResponseError('grade failed 500: {""details"":""Error id 8fe2a218-20a4-441c-ba42-07225a151300-6593"",""stack"":""""}')",1
PUT,PUT /api/student-responses (grade),"CatchResponseError('grade failed 500: {""details"":""Error id 8fe2a218-20a4-441c-ba42-07225a151300-8170"",""stack"":""""}')",1
PUT,PUT /api/student-responses (grade),"CatchResponseError('grade failed 500: {""details"":""Error id 8fe2a218-20a4-441c-ba42-07225a151300-5359"",""stack"":""""}')",1
PUT,PUT /api/student-responses (grade),"CatchResponseError('grade failed 500: {""details"":""Error id 8fe2a218-20a4-441c-ba42-07225a151300-6566"",""stack"":""""}')",1
PUT,PUT /api/student-responses (grade),"CatchResponseError('grade failed 500: {""details"":""Error id 8fe2a218-20a4-441c-ba42-07225a151300-7271"",""stack"":""""}')",1
PUT,PUT /api/student-responses (grade),"CatchResponseError('grade failed 500: {""details"":""Error id 8fe2a218-20a4-441c-ba42-07225a151300-5683"",""stack"":""""}')",1
PUT,PUT /api/student-responses (grade),"CatchResponseError('grade failed 500: {""details"":""Error id 8fe2a218-20a4-441c-ba42-07225a151300-7199"",""stack"":""""}')",1
PUT,PUT /api/student-responses (grade),"CatchResponseError('grade failed 500: {""details"":""Error id 8fe2a218-20a4-441c-ba42-07225a151300-7855"",""stack"":""""}')",1
PUT,PUT /api/student-responses (grade),"CatchResponseError('grade failed 500: {""details"":""Error id 8fe2a218-20a4-441c-ba42-07225a151300-8286"",""stack"":""""}')",1
PUT,PUT /api/student-responses (grade),"CatchResponseError('grade failed 500: {""details"":""Error id 8fe2a218-20a4-441c-ba42-07225a151300-5145"",""stack"":""""}')",1
PUT,PUT /api/student-responses (grade),"CatchResponseError('grade failed 500: {""details"":""Error id 8fe2a218-20a4-441c-ba42-07225a151300-5451"",""stack"":""""}')",1
PUT,PUT /api/student-responses (grade),"CatchResponseError('grade failed 500: {""details"":""Error id 8fe2a218-20a4-441c-ba42-07225a151300-6981"",""stack"":""""}')",1
PUT,PUT /api/student-responses (grade),"CatchResponseError('grade failed 500: {""details"":""Error id 8fe2a218-20a4-441c-ba42-07225a151300-6102"",""stack"":""""}')",1
PUT,PUT /api/student-responses (grade),"CatchResponseError('grade failed 500: {""details"":""Error id 8fe2a218-20a4-441c-ba42-07225a151300-8230"",""stack"":""""}')",1
PUT,PUT /api/student-responses (grade),"CatchResponseError('grade failed 500: {""details"":""Error id 8fe2a218-20a4-441c-ba42-07225a151300-7005"",""stack"":""""}')",1
PUT,PUT /api/student-responses (grade),"CatchResponseError('grade failed 500: {""details"":""Error id 8fe2a218-20a4-441c-ba42-07225a151300-6839"",""stack"":""""}')",1
PUT,PUT /api/student-responses (grade),"CatchResponseError('grade failed 500: {""details"":""Error id 8fe2a218-20a4-441c-ba42-07225a151300-7693"",""stack"":""""}')",1
PUT,PUT /api/student-responses (grade),"CatchResponseError('grade failed 500: {""details"":""Error id 8fe2a218-20a4-441c-ba42-07225a151300-7618"",""stack"":""""}')",1
PUT,PUT /api/student-responses (grade),"CatchResponseError('grade failed 500: {""details"":""Error id 8fe2a218-20a4-441c-ba42-07225a151300-8288"",""stack"":""""}')",1
PUT,PUT /api/student-responses (grade),"CatchResponseError('grade failed 500: {""details"":""Error id 8fe2a218-20a4-441c-ba42-07225a151300-7142"",""stack"":""""}')",1
PUT,PUT /api/student-responses (grade),"CatchResponseError('grade failed 500: {""details"":""Error id 8fe2a218-20a4-441c-ba42-07225a151300-8116"",""stack"":""""}')",1
PUT,PUT /api/student-responses (grade),"CatchResponseError('grade failed 500: {""details"":""Error id 8fe2a218-20a4-441c-ba42-07225a151300-7357"",""stack"":""""}')",1
PUT,PUT /api/student-responses (grade),"CatchResponseError('grade failed 500: {""details"":""Error id 8fe2a218-20a4-441c-ba42-07225a151300-6111"",""stack"":""""}')",1
PUT,PUT /api/student-responses (grade),"CatchResponseError('grade failed 500: {""details"":""Error id 8fe2a218-20a4-441c-ba42-07225a151300-8406"",""stack"":""""}')",1
PUT,PUT /api/student-responses (grade),"CatchResponseError('grade failed 500: {""details"":""Error id 8fe2a218-20a4-441c-ba42-07225a151300-6740"",""stack"":""""}')",1
PUT,PUT /api/student-responses (grade),"CatchResponseError('grade failed 500: {""details"":""Error id 8fe2a218-20a4-441c-ba42-07225a151300-5154"",""stack"":""""}')",1
PUT,PUT /api/student-responses (grade),"CatchResponseError('grade failed 500: {""details"":""Error id 8fe2a218-20a4-441c-ba42-07225a151300-6195"",""stack"":""""}')",1
PUT,PUT /api/student-responses (grade),"CatchResponseError('grade failed 500: {""details"":""Error id 8fe2a218-20a4-441c-ba42-07225a151300-5802"",""stack"":""""}')",1
PUT,PUT /api/student-responses (grade),"CatchResponseError('grade failed 500: {""details"":""Error id 8fe2a218-20a4-441c-ba42-07225a151300-8016"",""stack"":""""}')",1
PUT,PUT /api/student-responses (grade),"CatchResponseError('grade failed 500: {""details"":""Error id 8fe2a218-20a4-441c-ba42-07225a151300-6399"",""stack"":""""}')",1
PUT,PUT /api/student-responses (grade),"CatchResponseError('grade failed 500: {""details"":""Error id 8fe2a218-20a4-441c-ba42-07225a151300-5563"",""stack"":""""}')",1
PUT,PUT /api/student-responses (grade),"CatchResponseError('grade failed 500: {""details"":""Error id 8fe2a218-20a4-441c-ba42-07225a151300-8098"",""stack"":""""}')",1
PUT,PUT /api/student-responses (grade),"CatchResponseError('grade failed 500: {""details"":""Error id 8fe2a218-20a4-441c-ba42-07225a151300-7076"",""stack"":""""}')",1
PUT,PUT /api/student-responses (grade),"CatchResponseError('grade failed 500: {""details"":""Error id 8fe2a218-20a4-441c-ba42-07225a151300-7498"",""stack"":""""}')",1
PUT,PUT /api/student-responses (grade),"CatchResponseError('grade failed 500: {""details"":""Error id 8fe2a218-20a4-441c-ba42-07225a151300-6162"",""stack"":""""}')",1
PUT,PUT /api/student-responses (grade),"CatchResponseError('grade failed 500: {""details"":""Error id 8fe2a218-20a4-441c-ba42-07225a151300-8153"",""stack"":""""}')",1
PUT,PUT /api/student-responses (grade),"CatchResponseError('grade failed 500: {""details"":""Error id 8fe2a218-20a4-441c-ba42-07225a151300-6732"",""stack"":""""}')",1
PUT,PUT /api/student-responses (grade),"CatchResponseError('grade failed 500: {""details"":""Error id 8fe2a218-20a4-441c-ba42-07225a151300-6336"",""stack"":""""}')",1
PUT,PUT /api/student-responses (grade),"CatchResponseError('grade failed 500: {""details"":""Error id 8fe2a218-20a4-441c-ba42-07225a151300-5819"",""stack"":""""}')",1
PUT,PUT /api/student-responses (grade),"CatchResponseError('grade failed 500: {""details"":""Error id 8fe2a218-20a4-441c-ba42-07225a151300-7398"",""stack"":""""}')",1
PUT,PUT /api/student-responses (grade),"CatchResponseError('grade failed 500: {""details"":""Error id 8fe2a218-20a4-441c-ba42-07225a151300-8411"",""stack"":""""}')",1
PUT,PUT /api/student-responses (grade),"CatchResponseError('grade failed 500: {""details"":""Error id 8fe2a218-20a4-441c-ba42-07225a151300-6618"",""stack"":""""}')",1
PUT,PUT /api/student-responses (grade),"CatchResponseError('grade failed 500: {""details"":""Error id 8fe2a218-20a4-441c-ba42-07225a151300-6837"",""stack"":""""}')",1
PUT,PUT /api/student-responses (grade),"CatchResponseError('grade failed 500: {""details"":""Error id 8fe2a218-20a4-441c-ba42-07225a151300-7425"",""stack"":""""}')",1
PUT,PUT /api/student-responses (grade),"CatchResponseError('grade failed 500: {""details"":""Error id 8fe2a218-20a4-441c-ba42-07225a151300-6856"",""stack"":""""}')",1
PUT,PUT /api/student-responses (grade),"CatchResponseError('grade failed 500: {""details"":""Error id 8fe2a218-20a4-441c-ba42-07225a151300-6260"",""stack"":""""}')",1
PUT,PUT /api/student-responses (grade),"CatchResponseError('grade failed 500: {""details"":""Error id 8fe2a218-20a4-441c-ba42-07225a151300-6509"",""stack"":""""}')",1
PUT,PUT /api/student-responses (grade),"CatchResponseError('grade failed 500: {""details"":""Error id 8fe2a218-20a4-441c-ba42-07225a151300-5426"",""stack"":""""}')",1
PUT,PUT /api/student-responses (grade),"CatchResponseError('grade failed 500: {""details"":""Error id 8fe2a218-20a4-441c-ba42-07225a151300-7568"",""stack"":""""}')",1
PUT,PUT /api/student-responses (grade),"CatchResponseError('grade failed 500: {""details"":""Error id 8fe2a218-20a4-441c-ba42-07225a151300-6019"",""stack"":""""}')",1
PUT,PUT /api/student-responses (grade),"CatchResponseError('grade failed 500: {""details"":""Error id 8fe2a218-20a4-441c-ba42-07225a151300-5462"",""stack"":""""}')",1
PUT,PUT /api/student-responses (grade),"CatchResponseError('grade failed 500: {""details"":""Error id 8fe2a218-20a4-441c-ba42-07225a151300-7814"",""stack"":""""}')",1
PUT,PUT /api/student-responses (grade),"CatchResponseError('grade failed 500: {""details"":""Error id 8fe2a218-20a4-441c-ba42-07225a151300-5701"",""stack"":""""}')",1
PUT,PUT /api/student-responses (grade),"CatchResponseError('grade failed 500: {""details"":""Error id 8fe2a218-20a4-441c-ba42-07225a151300-6753"",""stack"":""""}')",1
PUT,PUT /api/student-responses (grade),"CatchResponseError('grade failed 500: {""details"":""Error id 8fe2a218-20a4-441c-ba42-07225a151300-7295"",""stack"":""""}')",1
PUT,PUT /api/student-responses (grade),"CatchResponseError('grade failed 500: {""details"":""Error id 8fe2a218-20a4-441c-ba42-07225a151300-7121"",""stack"":""""}')",1
PUT,PUT /api/student-responses (grade),"CatchResponseError('grade failed 500: {""details"":""Error id 8fe2a218-20a4-441c-ba42-07225a151300-5336"",""stack"":""""}')",1
PUT,PUT /api/student-responses (grade),"CatchResponseError('grade failed 500: {""details"":""Error id 8fe2a218-20a4-441c-ba42-07225a151300-6270"",""stack"":""""}')",1
PUT,PUT /api/student-responses (grade),"CatchResponseError('grade failed 500: {""details"":""Error id 8fe2a218-20a4-441c-ba42-07225a151300-7313"",""stack"":""""}')",1
PUT,PUT /api/student-responses (grade),"CatchResponseError('grade failed 500: {""details"":""Error id 8fe2a218-20a4-441c-ba42-07225a151300-8049"",""stack"":""""}')",1
PUT,PUT /api/student-responses (grade),"CatchResponseError('grade failed 500: {""details"":""Error id 8fe2a218-20a4-441c-ba42-07225a151300-7301"",""stack"":""""}')",1
PUT,PUT /api/student-responses (grade),"CatchResponseError('grade failed 500: {""details"":""Error id 8fe2a218-20a4-441c-ba42-07225a151300-5213"",""stack"":""""}')",1
GET,GET /api/questions (switch),CatchResponseError('status 500'),83
PUT,PUT /api/student-responses (grade),"CatchResponseError('grade failed 500: {""details"":""Error id 8fe2a218-20a4-441c-ba42-07225a151300-6355"",""stack"":""""}')",1
PUT,PUT /api/student-responses (grade),"CatchResponseError('grade failed 500: {""details"":""Error id 8fe2a218-20a4-441c-ba42-07225a151300-6993"",""stack"":""""}')",1
PUT,PUT /api/student-responses (grade),"CatchResponseError('grade failed 500: {""details"":""Error id 8fe2a218-20a4-441c-ba42-07225a151300-5560"",""stack"":""""}')",1
PUT,PUT /api/student-responses (grade),"CatchResponseError('grade failed 500: {""details"":""Error id 8fe2a218-20a4-441c-ba42-07225a151300-6497"",""stack"":""""}')",1
PUT,PUT /api/student-responses (grade),"CatchResponseError('grade failed 500: {""details"":""Error id 8fe2a218-20a4-441c-ba42-07225a151300-5817"",""stack"":""""}')",1
PUT,PUT /api/student-responses (grade),"CatchResponseError('grade failed 500: {""details"":""Error id 8fe2a218-20a4-441c-ba42-07225a151300-6075"",""stack"":""""}')",1
PUT,PUT /api/student-responses (grade),"CatchResponseError('grade failed 500: {""details"":""Error id 8fe2a218-20a4-441c-ba42-07225a151300-8120"",""stack"":""""}')",1
PUT,PUT /api/student-responses (grade),"CatchResponseError('grade failed 500: {""details"":""Error id 8fe2a218-20a4-441c-ba42-07225a151300-7730"",""stack"":""""}')",1
PUT,PUT /api/student-responses (grade),"CatchResponseError('grade failed 500: {""details"":""Error id 8fe2a218-20a4-441c-ba42-07225a151300-8119"",""stack"":""""}')",1
PUT,PUT /api/student-responses (grade),"CatchResponseError('grade failed 500: {""details"":""Error id 8fe2a218-20a4-441c-ba42-07225a151300-7525"",""stack"":""""}')",1
PUT,PUT /api/student-responses (grade),"CatchResponseError('grade failed 500: {""details"":""Error id 8fe2a218-20a4-441c-ba42-07225a151300-5279"",""stack"":""""}')",1
PUT,PUT /api/student-responses (grade),"CatchResponseError('grade failed 500: {""details"":""Error id 8fe2a218-20a4-441c-ba42-07225a151300-7032"",""stack"":""""}')",1
PUT,PUT /api/student-responses (grade),"CatchResponseError('grade failed 500: {""details"":""Error id 8fe2a218-20a4-441c-ba42-07225a151300-7958"",""stack"":""""}')",1
PUT,PUT /api/student-responses (grade),"CatchResponseError('grade failed 500: {""details"":""Error id 8fe2a218-20a4-441c-ba42-07225a151300-8189"",""stack"":""""}')",1
PUT,PUT /api/student-responses (grade),"CatchResponseError('grade failed 500: {""details"":""Error id 8fe2a218-20a4-441c-ba42-07225a151300-5182"",""stack"":""""}')",1
PUT,PUT /api/student-responses (grade),"CatchResponseError('grade failed 500: {""details"":""Error id 8fe2a218-20a4-441c-ba42-07225a151300-7174"",""stack"":""""}')",1
PUT,PUT /api/student-responses (grade),"CatchResponseError('grade failed 500: {""details"":""Error id 8fe2a218-20a4-441c-ba42-07225a151300-5227"",""stack"":""""}')",1
PUT,PUT /api/student-responses (grade),"CatchResponseError('grade failed 500: {""details"":""Error id 8fe2a218-20a4-441c-ba42-07225a151300-5435"",""stack"":""""}')",1
PUT,PUT /api/student-responses (grade),"CatchResponseError('grade failed 500: {""details"":""Error id 8fe2a218-20a4-441c-ba42-07225a151300-6220"",""stack"":""""}')",1
PUT,PUT /api/student-responses (grade),"CatchResponseError('grade failed 500: {""details"":""Error id 8fe2a218-20a4-441c-ba42-07225a151300-8183"",""stack"":""""}')",1
PUT,PUT /api/student-responses (grade),"CatchResponseError('grade failed 500: {""details"":""Error id 8fe2a218-20a4-441c-ba42-07225a151300-5876"",""stack"":""""}')",1
PUT,PUT /api/student-responses (grade),"CatchResponseError('grade failed 500: {""details"":""Error id 8fe2a218-20a4-441c-ba42-07225a151300-7140"",""stack"":""""}')",1
PUT,PUT /api/student-responses (grade),"CatchResponseError('grade failed 500: {""details"":""Error id 8fe2a218-20a4-441c-ba42-07225a151300-5369"",""stack"":""""}')",1
PUT,PUT /api/student-responses (grade),"CatchResponseError('grade failed 500: {""details"":""Error id 8fe2a218-20a4-441c-ba42-07225a151300-7532"",""stack"":""""}')",1
PUT,PUT /api/student-responses (grade),"CatchResponseError('grade failed 500: {""details"":""Error id 8fe2a218-20a4-441c-ba42-07225a151300-7110"",""stack"":""""}')",1
PUT,PUT /api/student-responses (grade),"CatchResponseError('grade failed 500: {""details"":""Error id 8fe2a218-20a4-441c-ba42-07225a151300-5209"",""stack"":""""}')",1
PUT,PUT /api/student-responses (grade),"CatchResponseError('grade failed 500: {""details"":""Error id 8fe2a218-20a4-441c-ba42-07225a151300-5863"",""stack"":""""}')",1
PUT,PUT /api/student-responses (grade),"CatchResponseError('grade failed 500: {""details"":""Error id 8fe2a218-20a4-441c-ba42-07225a151300-6126"",""stack"":""""}')",1
PUT,PUT /api/student-responses (grade),"CatchResponseError('grade failed 500: {""details"":""Error id 8fe2a218-20a4-441c-ba42-07225a151300-5407"",""stack"":""""}')",1
PUT,PUT /api/student-responses (grade),"CatchResponseError('grade failed 500: {""details"":""Error id 8fe2a218-20a4-441c-ba42-07225a151300-6498"",""stack"":""""}')",1
PUT,PUT /api/student-responses (grade),"CatchResponseError('grade failed 500: {""details"":""Error id 8fe2a218-20a4-441c-ba42-07225a151300-7570"",""stack"":""""}')",1
PUT,PUT /api/student-responses (grade),"CatchResponseError('grade failed 500: {""details"":""Error id 8fe2a218-20a4-441c-ba42-07225a151300-6596"",""stack"":""""}')",1
PUT,PUT /api/student-responses (grade),"CatchResponseError('grade failed 500: {""details"":""Error id 8fe2a218-20a4-441c-ba42-07225a151300-6709"",""stack"":""""}')",1
PUT,PUT /api/student-responses (grade),"CatchResponseError('grade failed 500: {""details"":""Error id 8fe2a218-20a4-441c-ba42-07225a151300-6302"",""stack"":""""}')",1
PUT,PUT /api/student-responses (grade),"CatchResponseError('grade failed 500: {""details"":""Error id 8fe2a218-20a4-441c-ba42-07225a151300-6114"",""stack"":""""}')",1
PUT,PUT /api/student-responses (grade),"CatchResponseError('grade failed 500: {""details"":""Error id 8fe2a218-20a4-441c-ba42-07225a151300-6817"",""stack"":""""}')",1
PUT,PUT /api/student-responses (grade),"CatchResponseError('grade failed 500: {""details"":""Error id 8fe2a218-20a4-441c-ba42-07225a151300-6420"",""stack"":""""}')",1
PUT,PUT /api/student-responses (grade),"CatchResponseError('grade failed 500: {""details"":""Error id 8fe2a218-20a4-441c-ba42-07225a151300-7055"",""stack"":""""}')",1
PUT,PUT /api/student-responses (grade),"CatchResponseError('grade failed 500: {""details"":""Error id 8fe2a218-20a4-441c-ba42-07225a151300-6350"",""stack"":""""}')",1
PUT,PUT /api/student-responses (grade),"CatchResponseError('grade failed 500: {""details"":""Error id 8fe2a218-20a4-441c-ba42-07225a151300-7891"",""stack"":""""}')",1
PUT,PUT /api/student-responses (grade),"CatchResponseError('grade failed 500: {""details"":""Error id 8fe2a218-20a4-441c-ba42-07225a151300-8317"",""stack"":""""}')",1
PUT,PUT /api/student-responses (grade),"CatchResponseError('grade failed 500: {""details"":""Error id 8fe2a218-20a4-441c-ba42-07225a151300-8112"",""stack"":""""}')",1
PUT,PUT /api/student-responses (grade),"CatchResponseError('grade failed 500: {""details"":""Error id 8fe2a218-20a4-441c-ba42-07225a151300-5841"",""stack"":""""}')",1
PUT,PUT /api/student-responses (grade),"CatchResponseError('grade failed 500: {""details"":""Error id 8fe2a218-20a4-441c-ba42-07225a151300-5574"",""stack"":""""}')",1
PUT,PUT /api/student-responses (grade),"CatchResponseError('grade failed 500: {""details"":""Error id 8fe2a218-20a4-441c-ba42-07225a151300-7456"",""stack"":""""}')",1
PUT,PUT /api/student-responses (grade),"CatchResponseError('grade failed 500: {""details"":""Error id 8fe2a218-20a4-441c-ba42-07225a151300-7390"",""stack"":""""}')",1
PUT,PUT /api/student-responses (grade),"CatchResponseError('grade failed 500: {""details"":""Error id 8fe2a218-20a4-441c-ba42-07225a151300-8139"",""stack"":""""}')",1
PUT,PUT /api/student-responses (grade),"CatchResponseError('grade failed 500: {""details"":""Error id 8fe2a218-20a4-441c-ba42-07225a151300-8386"",""stack"":""""}')",1
PUT,PUT /api/student-responses (grade),"CatchResponseError('grade failed 500: {""details"":""Error id 8fe2a218-20a4-441c-ba42-07225a151300-6818"",""stack"":""""}')",1
PUT,PUT /api/student-responses (grade),"CatchResponseError('grade failed 500: {""details"":""Error id 8fe2a218-20a4-441c-ba42-07225a151300-7131"",""stack"":""""}')",1
PUT,PUT /api/student-responses (grade),"CatchResponseError('grade failed 500: {""details"":""Error id 8fe2a218-20a4-441c-ba42-07225a151300-6098"",""stack"":""""}')",1
PUT,PUT /api/student-responses (grade),"CatchResponseError('grade failed 500: {""details"":""Error id 8fe2a218-20a4-441c-ba42-07225a151300-5904"",""stack"":""""}')",1
PUT,PUT /api/student-responses (grade),"CatchResponseError('grade failed 500: {""details"":""Error id 8fe2a218-20a4-441c-ba42-07225a151300-6439"",""stack"":""""}')",1
PUT,PUT /api/student-responses (grade),"CatchResponseError('grade failed 500: {""details"":""Error id 8fe2a218-20a4-441c-ba42-07225a151300-5452"",""stack"":""""}')",1
PUT,PUT /api/student-responses (grade),"CatchResponseError('grade failed 500: {""details"":""Error id 8fe2a218-20a4-441c-ba42-07225a151300-5237"",""stack"":""""}')",1
PUT,PUT /api/student-responses (grade),"CatchResponseError('grade failed 500: {""details"":""Error id 8fe2a218-20a4-441c-ba42-07225a151300-7999"",""stack"":""""}')",1
PUT,PUT /api/student-responses (grade),"CatchResponseError('grade failed 500: {""details"":""Error id 8fe2a218-20a4-441c-ba42-07225a151300-8128"",""stack"":""""}')",1
PUT,PUT /api/student-responses (grade),"CatchResponseError('grade failed 500: {""details"":""Error id 8fe2a218-20a4-441c-ba42-07225a151300-7497"",""stack"":""""}')",1
PUT,PUT /api/student-responses (grade),"CatchResponseError('grade failed 500: {""details"":""Error id 8fe2a218-20a4-441c-ba42-07225a151300-7190"",""stack"":""""}')",1
PUT,PUT /api/student-responses (grade),"CatchResponseError('grade failed 500: {""details"":""Error id 8fe2a218-20a4-441c-ba42-07225a151300-6248"",""stack"":""""}')",1
PUT,PUT /api/student-responses (grade),"CatchResponseError('grade failed 500: {""details"":""Error id 8fe2a218-20a4-441c-ba42-07225a151300-6202"",""stack"":""""}')",1
PUT,PUT /api/student-responses (grade),"CatchResponseError('grade failed 500: {""details"":""Error id 8fe2a218-20a4-441c-ba42-07225a151300-7763"",""stack"":""""}')",1
PUT,PUT /api/student-responses (grade),"CatchResponseError('grade failed 500: {""details"":""Error id 8fe2a218-20a4-441c-ba42-07225a151300-5529"",""stack"":""""}')",1
PUT,PUT /api/student-responses (grade),"CatchResponseError('grade failed 500: {""details"":""Error id 8fe2a218-20a4-441c-ba42-07225a151300-6287"",""stack"":""""}')",1
PUT,PUT /api/student-responses (grade),"CatchResponseError('grade failed 500: {""details"":""Error id 8fe2a218-20a4-441c-ba42-07225a151300-6716"",""stack"":""""}')",1
PUT,PUT /api/student-responses (grade),"CatchResponseError('grade failed 500: {""details"":""Error id 8fe2a218-20a4-441c-ba42-07225a151300-7976"",""stack"":""""}')",1
PUT,PUT /api/student-responses (grade),"CatchResponseError('grade failed 500: {""details"":""Error id 8fe2a218-20a4-441c-ba42-07225a151300-8346"",""stack"":""""}')",1
PUT,PUT /api/student-responses (grade),"CatchResponseError('grade failed 500: {""details"":""Error id 8fe2a218-20a4-441c-ba42-07225a151300-8140"",""stack"":""""}')",1
PUT,PUT /api/student-responses (grade),"CatchResponseError('grade failed 500: {""details"":""Error id 8fe2a218-20a4-441c-ba42-07225a151300-7690"",""stack"":""""}')",1
PUT,PUT /api/student-responses (grade),"CatchResponseError('grade failed 500: {""details"":""Error id 8fe2a218-20a4-441c-ba42-07225a151300-6627"",""stack"":""""}')",1
PUT,PUT /api/student-responses (grade),"CatchResponseError('grade failed 500: {""details"":""Error id 8fe2a218-20a4-441c-ba42-07225a151300-7468"",""stack"":""""}')",1
PUT,PUT /api/student-responses (grade),"CatchResponseError('grade failed 500: {""details"":""Error id 8fe2a218-20a4-441c-ba42-07225a151300-7537"",""stack"":""""}')",1
PUT,PUT /api/student-responses (grade),"CatchResponseError('grade failed 500: {""details"":""Error id 8fe2a218-20a4-441c-ba42-07225a151300-6088"",""stack"":""""}')",1
PUT,PUT /api/student-responses (grade),"CatchResponseError('grade failed 500: {""details"":""Error id 8fe2a218-20a4-441c-ba42-07225a151300-6657"",""stack"":""""}')",1
PUT,PUT /api/student-responses (grade),"CatchResponseError('grade failed 500: {""details"":""Error id 8fe2a218-20a4-441c-ba42-07225a151300-6300"",""stack"":""""}')",1
PUT,PUT /api/student-responses (grade),"CatchResponseError('grade failed 500: {""details"":""Error id 8fe2a218-20a4-441c-ba42-07225a151300-5408"",""stack"":""""}')",1
PUT,PUT /api/student-responses (grade),"CatchResponseError('grade failed 500: {""details"":""Error id 8fe2a218-20a4-441c-ba42-07225a151300-5283"",""stack"":""""}')",1
PUT,PUT /api/student-responses (grade),"CatchResponseError('grade failed 500: {""details"":""Error id 8fe2a218-20a4-441c-ba42-07225a151300-6112"",""stack"":""""}')",1
PUT,PUT /api/student-responses (grade),"CatchResponseError('grade failed 500: {""details"":""Error id 8fe2a218-20a4-441c-ba42-07225a151300-5906"",""stack"":""""}')",1
PUT,PUT /api/student-responses (grade),"CatchResponseError('grade failed 500: {""details"":""Error id 8fe2a218-20a4-441c-ba42-07225a151300-7022"",""stack"":""""}')",1
PUT,PUT /api/student-responses (grade),"CatchResponseError('grade failed 500: {""details"":""Error id 8fe2a218-20a4-441c-ba42-07225a151300-5234"",""stack"":""""}')",1
PUT,PUT /api/student-responses (grade),"CatchResponseError('grade failed 500: {""details"":""Error id 8fe2a218-20a4-441c-ba42-07225a151300-6149"",""stack"":""""}')",1
PUT,PUT /api/student-responses (grade),"CatchResponseError('grade failed 500: {""details"":""Error id 8fe2a218-20a4-441c-ba42-07225a151300-7350"",""stack"":""""}')",1
PUT,PUT /api/student-responses (grade),"CatchResponseError('grade failed 500: {""details"":""Error id 8fe2a218-20a4-441c-ba42-07225a151300-6557"",""stack"":""""}')",1
PUT,PUT /api/student-responses (grade),"CatchResponseError('grade failed 500: {""details"":""Error id 8fe2a218-20a4-441c-ba42-07225a151300-6954"",""stack"":""""}')",1
PUT,PUT /api/student-responses (grade),"CatchResponseError('grade failed 500: {""details"":""Error id 8fe2a218-20a4-441c-ba42-07225a151300-8176"",""stack"":""""}')",1
PUT,PUT /api/student-responses (grade),"CatchResponseError('grade failed 500: {""details"":""Error id 8fe2a218-20a4-441c-ba42-07225a151300-7948"",""stack"":""""}')",1
PUT,PUT /api/student-responses (grade),"CatchResponseError('grade failed 500: {""details"":""Error id 8fe2a218-20a4-441c-ba42-07225a151300-6808"",""stack"":""""}')",1
PUT,PUT /api/student-responses (grade),"CatchResponseError('grade failed 500: {""details"":""Error id 8fe2a218-20a4-441c-ba42-07225a151300-6847"",""stack"":""""}')",1
PUT,PUT /api/student-responses (grade),"CatchResponseError('grade failed 500: {""details"":""Error id 8fe2a218-20a4-441c-ba42-07225a151300-5296"",""stack"":""""}')",1
PUT,PUT /api/student-responses (grade),"CatchResponseError('grade failed 500: {""details"":""Error id 8fe2a218-20a4-441c-ba42-07225a151300-5828"",""stack"":""""}')",1
PUT,PUT /api/student-responses (grade),"CatchResponseError('grade failed 500: {""details"":""Error id 8fe2a218-20a4-441c-ba42-07225a151300-5579"",""stack"":""""}')",1
PUT,PUT /api/student-responses (grade),"CatchResponseError('grade failed 500: {""details"":""Error id 8fe2a218-20a4-441c-ba42-07225a151300-7665"",""stack"":""""}')",1
PUT,PUT /api/student-responses (grade),"CatchResponseError('grade failed 500: {""details"":""Error id 8fe2a218-20a4-441c-ba42-07225a151300-7352"",""stack"":""""}')",1
GET,GET /api/exam-sheets (progress),CatchResponseError('status 500'),208
PUT,PUT /api/student-responses (grade),"CatchResponseError('grade failed 500: {""details"":""Error id 8fe2a218-20a4-441c-ba42-07225a151300-8172"",""stack"":""""}')",1
PUT,PUT /api/student-responses (grade),"CatchResponseError('grade failed 500: {""details"":""Error id 8fe2a218-20a4-441c-ba42-07225a151300-6063"",""stack"":""""}')",1
PUT,PUT /api/student-responses (grade),"CatchResponseError('grade failed 500: {""details"":""Error id 8fe2a218-20a4-441c-ba42-07225a151300-7075"",""stack"":""""}')",1
PUT,PUT /api/student-responses (grade),"CatchResponseError('grade failed 500: {""details"":""Error id 8fe2a218-20a4-441c-ba42-07225a151300-6794"",""stack"":""""}')",1
PUT,PUT /api/student-responses (grade),"CatchResponseError('grade failed 500: {""details"":""Error id 8fe2a218-20a4-441c-ba42-07225a151300-5816"",""stack"":""""}')",1
PUT,PUT /api/student-responses (grade),"CatchResponseError('grade failed 500: {""details"":""Error id 8fe2a218-20a4-441c-ba42-07225a151300-5180"",""stack"":""""}')",1
PUT,PUT /api/student-responses (grade),"CatchResponseError('grade failed 500: {""details"":""Error id 8fe2a218-20a4-441c-ba42-07225a151300-5249"",""stack"":""""}')",1
PUT,PUT /api/student-responses (grade),"CatchResponseError('grade failed 500: {""details"":""Error id 8fe2a218-20a4-441c-ba42-07225a151300-7210"",""stack"":""""}')",1
PUT,PUT /api/student-responses (grade),"CatchResponseError('grade failed 500: {""details"":""Error id 8fe2a218-20a4-441c-ba42-07225a151300-7934"",""stack"":""""}')",1
PUT,PUT /api/student-responses (grade),"CatchResponseError('grade failed 500: {""details"":""Error id 8fe2a218-20a4-441c-ba42-07225a151300-6110"",""stack"":""""}')",1
PUT,PUT /api/student-responses (grade),"CatchResponseError('grade failed 500: {""details"":""Error id 8fe2a218-20a4-441c-ba42-07225a151300-6959"",""stack"":""""}')",1
PUT,PUT /api/student-responses (grade),"CatchResponseError('grade failed 500: {""details"":""Error id 8fe2a218-20a4-441c-ba42-07225a151300-6171"",""stack"":""""}')",1
PUT,PUT /api/student-responses (grade),"CatchResponseError('grade failed 500: {""details"":""Error id 8fe2a218-20a4-441c-ba42-07225a151300-7943"",""stack"":""""}')",1
PUT,PUT /api/student-responses (grade),"CatchResponseError('grade failed 500: {""details"":""Error id 8fe2a218-20a4-441c-ba42-07225a151300-5351"",""stack"":""""}')",1
PUT,PUT /api/student-responses (grade),"CatchResponseError('grade failed 500: {""details"":""Error id 8fe2a218-20a4-441c-ba42-07225a151300-5352"",""stack"":""""}')",1
PUT,PUT /api/student-responses (grade),"CatchResponseError('grade failed 500: {""details"":""Error id 8fe2a218-20a4-441c-ba42-07225a151300-6576"",""stack"":""""}')",1
GET,GET /api/final-results,CatchResponseError('status 500'),89
PUT,PUT /api/student-responses (grade),"CatchResponseError('grade failed 500: {""details"":""Error id 8fe2a218-20a4-441c-ba42-07225a151300-7330"",""stack"":""""}')",1
