Timestamp,User Count,Type,Name,Requests/s,Failures/s,50%,66%,75%,80%,90%,95%,98%,99%,99.9%,99.99%,100%,Total Request Count,Total Failure Count,Total Median Response Time,Total Average Response Time,Total Min Response Time,Total Max Response Time,Total Average Content Size
1782999693,0,,Aggregated,0.000000,0.000000,N/A,N/A,N/A,N/A,N/A,N/A,N/A,N/A,N/A,N/A,N/A,0,0,0,0.0,0,0,0
1782999694,10,,Aggregated,0.000000,0.000000,350,390,410,420,440,440,440,440,440,440,440,20,0,140.0,247.12301599938655,50.59642999549396,440.10677299957024,736.5
1782999695,10,,Aggregated,0.000000,0.000000,98,140,390,420,890,890,900,900,900,900,900,62,0,97,261.09019685510805,21.83928299928084,896.5513889997965,5494.290322580645
1782999696,10,,Aggregated,20.000000,0.000000,97,140,390,420,890,890,900,900,900,900,900,63,0,97,257.2546492224247,19.45069599605631,896.5513889997965,5442.761904761905
1782999697,10,,Aggregated,30.500000,0.000000,88,130,390,420,890,890,900,900,900,900,900,65,0,88,249.81721476942766,12.297009001486003,896.5513889997965,5302.461538461538
1782999698,10,,Aggregated,20.666667,0.000000,80,120,380,410,890,890,900,900,900,900,900,72,0,80,227.71826605579312,12.297009001486003,896.5513889997965,5313.875
1782999699,10,,Aggregated,20.666667,0.000000,80,120,350,410,890,890,900,900,900,900,900,74,0,79,222.69938412195975,11.689709004713222,896.5513889997965,5187.243243243243
1782999700,10,,Aggregated,14.000000,0.000000,77,120,140,390,890,890,900,900,900,900,900,81,0,77,205.6596747535406,11.689709004713222,896.5513889997965,5337.79012345679
1782999701,10,,Aggregated,14.000000,0.000000,73,110,140,390,890,890,900,900,900,900,900,83,0,73,201.05217389200664,11.689709004713222,896.5513889997965,5222.301204819277
1782999702,10,,Aggregated,11.142857,0.000000,72,98,130,380,890,890,900,900,900,900,900,90,0,72,188.17144041159838,11.689709004713222,896.5513889997965,5188.377777777778
1782999703,10,,Aggregated,10.375000,0.000000,68,97,130,350,880,890,900,900,900,900,900,94,0,67,180.92619279830498,11.689709004713222,896.5513889997965,5165.893617021276
1782999704,10,,Aggregated,10.375000,0.000000,67,88,120,350,880,890,900,900,900,900,900,98,0,65,174.16421231676821,11.689709004713222,896.5513889997965,5124.836734693878
1782999705,10,,Aggregated,9.777778,0.000000,63,85,120,140,440,890,890,900,900,900,900,101,0,63,169.58389028762457,11.689709004713222,896.5513889997965,5194.19801980198
1782999706,10,,Aggregated,7.800000,0.000000,58,84,120,140,440,890,890,900,900,900,900,105,0,58,163.63012914336565,11.689709004713222,896.5513889997965,5253.247619047619
1782999707,10,,Aggregated,4.000000,0.000000,52,80,120,130,440,890,890,900,900,900,900,111,0,52,156.9105465861031,11.689709004713222,896.5513889997965,5182.126126126126
1782999708,10,,Aggregated,4.200000,0.000000,52,79,110,130,440,890,890,900,900,900,900,116,0,51,151.0687901384166,11.689709004713222,896.5513889997965,4993.172413793103
1782999709,10,,Aggregated,4.200000,0.000000,51,78,110,130,440,890,890,900,900,900,900,118,0,51,148.74991597506607,11.689709004713222,896.5513889997965,4973.228813559322
1782999710,10,,Aggregated,4.400000,0.000000,49,77,98,120,420,890,890,900,900,900,900,123,0,49,143.46467492731887,11.689709004713222,896.5513889997965,5016.837398373984
1782999711,10,,Aggregated,4.400000,0.000000,49,73,89,120,420,890,890,900,900,900,900,129,0,49,138.65566448883385,11.689709004713222,896.5513889997965,5065.100775193799
1782999712,10,,Aggregated,4.400000,0.000000,47,72,88,120,420,890,890,900,900,900,900,135,0,47,133.24726220781923,11.689709004713222,896.5513889997965,4994.925925925926
1782999713,10,,Aggregated,4.500000,0.000000,45,68,85,120,420,890,890,900,900,900,900,139,0,45,130.223345583185,11.689709004713222,896.5513889997965,4973.014388489209
1782999714,10,,Aggregated,4.600000,0.000000,38,67,84,110,410,890,890,900,900,900,900,143,0,38,126.98801495846145,11.689709004713222,896.5513889997965,4867.244755244756
1782999715,10,,Aggregated,4.600000,0.000000,38,65,80,110,410,890,890,900,900,900,900,148,0,36,123.32742758145606,11.689709004713222,896.5513889997965,4967.486486486487
1782999716,10,,Aggregated,4.400000,0.000000,36,65,80,110,410,890,890,900,900,900,900,149,0,36,122.61314043661325,11.689709004713222,896.5513889997965,4979.295302013423
1782999717,10,,Aggregated,4.700000,0.000000,32,60,79,97,390,890,890,900,900,900,900,156,0,32,117.92542730174132,10.051454002677929,896.5513889997965,5110.320512820513
1782999718,10,,Aggregated,4.400000,0.000000,32,59,79,97,390,890,890,900,900,900,900,162,0,32,115.06412629670295,10.051454002677929,896.5513889997965,5072.33950617284
1782999719,10,,Aggregated,4.700000,0.000000,32,58,78,89,390,890,890,900,900,900,900,166,0,30,112.74634541598105,8.564821997424588,896.5513889997965,5037.77108433735
1782999720,10,,Aggregated,4.600000,0.000000,30,58,77,89,390,890,890,900,900,900,900,169,0,30,111.00449765118469,8.564821997424588,896.5513889997965,5047.745562130178
1782999721,10,,Aggregated,4.600000,0.000000,29,56,73,88,380,890,890,900,900,900,900,173,0,29,108.7909795089764,8.564821997424588,896.5513889997965,4992.745664739884
1782999722,10,,Aggregated,4.600000,0.000000,28,52,73,88,380,890,890,900,900,900,900,180,0,27,105.89573902806377,8.564821997424588,896.5513889997965,4994.522222222222
1782999723,10,,Aggregated,4.600000,0.000000,27,52,73,85,350,880,890,900,900,900,900,182,0,27,104.88595430793434,8.564821997424588,896.5513889997965,4956.5329670329675
1782999724,10,,Aggregated,4.400000,0.000000,27,51,72,84,350,880,890,900,900,900,900,189,0,27,101.93004906906657,8.564821997424588,896.5513889997965,4968.5661375661375
1782999725,10,,Aggregated,4.500000,0.000000,26,50,72,80,350,880,890,900,900,900,900,194,0,26,99.67096089722244,8.564821997424588,896.5513889997965,4907.128865979382
1782999726,10,,Aggregated,4.600000,0.000000,26,49,68,80,350,880,890,900,900,900,900,198,0,25,98.09154422754261,8.564821997424588,896.5513889997965,5054.19696969697
1782999727,10,,Aggregated,4.400000,0.000000,25,49,67,79,140,440,890,890,900,900,900,201,0,25,96.84799784602306,8.564821997424588,896.5513889997965,5027.92039800995
1782999728,10,,Aggregated,4.400000,0.000000,25,48,67,79,140,440,890,890,900,900,900,204,0,24,95.63485278946852,8.564821997424588,896.5513889997965,5039.89705882353
1782999729,10,,Aggregated,4.500000,0.000000,23,47,65,79,140,440,890,890,900,900,900,209,0,23,93.79422435912684,8.564821997424588,896.5513889997965,5094.904306220095
1782999730,10,,Aggregated,4.500000,0.000000,22,47,63,78,140,440,890,890,900,900,900,214,0,22,92.01440113111373,8.564821997424588,896.5513889997965,5139.7663551401865
1782999731,10,,Aggregated,4.300000,0.000000,22,47,65,77,140,440,890,890,900,900,900,216,0,22,91.56226884749265,8.564821997424588,896.5513889997965,5125.162037037037
1782999732,10,,Aggregated,4.600000,0.000000,22,45,63,77,140,440,890,890,900,900,900,222,0,22,90.21501004079599,8.317899002577178,896.5513889997965,5137.382882882883
1782999733,10,,Aggregated,4.200000,0.000000,22,43,62,73,140,440,890,890,900,900,900,227,0,22,88.77323953775097,8.317899002577178,896.5513889997965,5182.11013215859
1782999734,10,,Aggregated,4.100000,0.000000,22,42,60,73,140,440,890,890,900,900,900,232,0,22,87.32832390981865,8.317899002577178,896.5513889997965,5270.853448275862
1782999735,10,,Aggregated,4.100000,0.000000,22,38,58,73,140,440,890,890,900,900,900,237,0,22,86.0368214686829,8.317899002577178,896.5513889997965,5304.789029535865
1782999736,10,,Aggregated,4.200000,0.000000,22,38,58,72,130,420,890,890,900,900,900,241,0,22,84.90672874717521,8.317899002577178,896.5513889997965,5299.9170124481325
1782999737,10,,Aggregated,4.500000,0.000000,22,38,56,72,130,420,890,890,900,900,900,245,0,22,83.84733552274137,8.317899002577178,896.5513889997965,5376.469387755102
1782999738,10,,Aggregated,4.300000,0.000000,22,36,52,72,130,420,890,890,900,900,900,250,0,21,82.4419585923024,8.317899002577178,896.5513889997965,5318.616
1782999739,10,,Aggregated,4.400000,0.000000,22,33,52,69,130,420,890,890,900,900,900,254,0,21,81.45568540587234,8.317899002577178,896.5513889997965,5368.807086614173
1782999740,10,,Aggregated,4.300000,0.000000,21,33,52,68,130,420,890,890,900,900,900,260,0,21,80.04420015425309,8.317899002577178,896.5513889997965,5370.053846153846
1782999741,10,,Aggregated,4.800000,0.000000,21,33,52,67,120,420,890,890,900,900,900,262,0,21,79.53925916453191,8.317899002577178,896.5513889997965,5333.461832061069
1782999742,10,,Aggregated,4.400000,0.000000,20,32,51,67,120,420,890,890,900,900,900,267,0,20,78.31277239737769,8.317899002577178,896.5513889997965,5337.595505617977
1782999743,10,,Aggregated,4.600000,0.000000,20,32,51,67,120,420,890,890,900,900,900,273,0,20,77.48402913594397,8.317899002577178,896.5513889997965,5241.520146520146
1782999744,10,,Aggregated,4.700000,0.000000,20,32,52,67,120,420,890,890,900,900,900,278,0,19,76.6632773996881,8.317899002577178,896.5513889997965,5159.741007194245
1782999745,10,,Aggregated,4.600000,0.000000,19,32,51,65,120,410,890,890,900,900,900,281,0,19,75.99224787228451,8.317899002577178,896.5513889997965,5172.996441281139
1782999746,10,,Aggregated,4.600000,0.000000,19,32,51,65,120,410,890,890,900,900,900,285,0,19,75.09450972322252,8.317899002577178,896.5513889997965,5142.982456140351
1782999747,10,,Aggregated,4.200000,0.000000,19,30,51,65,120,410,890,890,900,900,900,290,0,19,74.20936524526795,8.317899002577178,896.5513889997965,5116.579310344828
1782999748,10,,Aggregated,4.400000,0.000000,19,32,51,63,120,410,890,890,900,900,900,294,0,19,73.65548186439531,8.317899002577178,896.5513889997965,5097.088435374149
1782999749,10,,Aggregated,4.400000,0.000000,19,30,51,63,120,410,890,890,900,900,900,299,0,19,72.81471322119577,8.317899002577178,896.5513889997965,5049.133779264214
1782999750,10,,Aggregated,4.500000,0.000000,19,30,50,60,120,390,890,890,900,900,900,306,0,18,71.52474459519973,8.317899002577178,896.5513889997965,4990.937908496732
1782999751,10,,Aggregated,4.600000,0.000000,18,30,50,60,120,390,890,890,900,900,900,309,0,18,71.07164096478564,8.317899002577178,896.5513889997965,4954.15857605178
1782999752,10,,Aggregated,4.500000,0.000000,18,30,50,59,120,390,890,890,900,900,900,311,0,18,70.69447861772971,8.317899002577178,896.5513889997965,4930.40192926045
1782999753,10,,Aggregated,4.700000,0.000000,18,29,50,59,120,390,890,890,900,900,900,319,0,18,69.62695976210719,8.317899002577178,896.5513889997965,4988.736677115988
1782999754,10,,Aggregated,4.400000,0.000000,18,28,50,58,110,390,890,890,900,900,900,324,0,18,68.79171469169964,8.317899002577178,896.5513889997965,5041.447530864198
1782999755,10,,Aggregated,4.500000,0.000000,18,28,49,58,110,390,890,890,900,900,900,329,0,18,67.93314385443529,8.317899002577178,896.5513889997965,5021.930091185411
1782999756,10,,Aggregated,4.500000,0.000000,17,27,48,58,110,390,890,890,900,900,900,333,0,17,67.28936075408159,8.317899002577178,896.5513889997965,5023.972972972973
1782999757,10,,Aggregated,4.900000,0.000000,17,27,48,56,110,390,890,890,900,900,900,337,0,17,66.78008949294278,8.317899002577178,896.5513889997965,5039.629080118694
1782999758,10,,Aggregated,4.900000,0.000000,17,27,47,55,98,380,890,890,900,900,900,342,0,17,65.97551091555665,8.317899002577178,896.5513889997965,4997.961988304093
1782999759,10,,Aggregated,4.600000,0.000000,17,27,47,54,98,380,890,890,900,900,900,347,0,17,65.43063578423669,8.317899002577178,896.5513889997965,4981.481268011527
1782999760,10,,Aggregated,4.800000,0.000000,17,27,46,52,97,380,890,890,900,900,900,354,0,17,64.57101183934489,8.317899002577178,896.5513889997965,4960.443502824859
1782999761,10,,Aggregated,4.800000,0.000000,17,27,45,52,97,380,890,890,900,900,900,357,0,17,64.21277265301896,8.317899002577178,896.5513889997965,4923.036414565826
1782999762,10,,Aggregated,4.500000,0.000000,17,27,45,52,97,380,890,890,900,900,900,360,0,17,63.830097153125585,8.317899002577178,896.5513889997965,4935.372222222222
1782999763,10,,Aggregated,4.900000,0.000000,17,27,45,52,89,350,890,890,900,900,900,364,0,17,63.295901692641905,8.317899002577178,896.5513889997965,4957.35989010989
1782999764,10,,Aggregated,4.800000,0.000000,17,27,45,52,97,350,890,890,900,900,900,369,0,17,63.22196065615434,8.317899002577178,896.5513889997965,4988.8970189701895
1782999765,10,,Aggregated,4.800000,0.000000,17,27,45,52,89,350,890,890,900,900,900,375,0,17,62.42884944565594,8.317899002577178,896.5513889997965,4985.496
1782999766,10,,Aggregated,4.500000,0.000000,17,27,43,52,88,350,890,890,900,900,900,381,0,17,61.723129601400224,8.317899002577178,896.5513889997965,5018.078740157481
1782999767,10,,Aggregated,4.700000,0.000000,17,27,43,52,88,350,890,890,900,900,900,385,0,17,61.26895893802458,8.317899002577178,896.5513889997965,5062.361038961039
1782999768,10,,Aggregated,4.700000,0.000000,17,27,43,52,88,350,890,890,900,900,900,389,0,17,60.91016210061016,8.317899002577178,896.5513889997965,5032.946015424164
1782999769,10,,Aggregated,4.600000,0.000000,17,27,43,52,85,350,890,890,900,900,900,394,0,17,60.49415054349545,8.317899002577178,896.5513889997965,5064.4390862944165
1782999770,10,,Aggregated,4.900000,0.000000,17,27,43,52,84,160,890,890,900,900,900,401,0,17,59.861263197320085,7.981235998158809,896.5513889997965,5058.204488778055
1782999771,10,,Aggregated,4.900000,0.000000,17,27,43,52,84,160,890,890,900,900,900,402,0,17,59.770517962995164,7.981235998158809,896.5513889997965,5089.937810945274
1782999772,10,,Aggregated,4.900000,0.000000,17,27,42,52,84,160,890,890,900,900,900,409,0,17,59.108247567524806,7.981235998158809,896.5513889997965,5119.039119804401
1782999773,10,,Aggregated,4.400000,0.000000,17,27,43,52,80,160,890,890,900,900,900,412,0,17,58.93637122601133,7.981235998158809,896.5513889997965,5126.7597087378645
1782999774,10,,Aggregated,5.000000,0.000000,17,27,42,51,80,160,890,890,900,900,900,420,0,17,58.15704985025583,7.981235998158809,896.5513889997965,5104.988095238095
1782999775,10,,Aggregated,4.900000,0.000000,17,27,40,51,80,140,890,890,900,900,900,425,0,17,57.60015929674196,5.827935005072504,896.5513889997965,5097.021176470588
1782999776,10,,Aggregated,4.900000,0.000000,17,27,40,51,80,140,890,890,900,900,900,427,0,17,57.43668982931901,5.827935005072504,896.5513889997965,5145.606557377049
1782999777,10,,Aggregated,4.700000,0.000000,17,27,40,51,79,140,890,890,900,900,900,435,0,17,56.84373223474691,5.827935005072504,896.5513889997965,5082.908045977011
1782999778,10,,Aggregated,4.900000,0.000000,17,26,39,50,79,140,890,890,900,900,900,439,0,17,56.472035619845386,5.827935005072504,896.5513889997965,5121.316628701595
1782999779,10,,Aggregated,5.000000,0.000000,17,26,38,50,79,140,890,890,900,900,900,442,0,17,56.15508400250584,5.827935005072504,896.5513889997965,5133.287330316742
1782999780,10,,Aggregated,4.700000,0.000000,16,26,38,50,79,140,890,890,900,900,900,447,0,16,55.67302841858736,5.827935005072504,896.5513889997965,5125.78970917226
1782999781,10,,Aggregated,4.900000,0.000000,16,26,38,50,79,140,880,890,900,900,900,452,0,16,55.469199073250074,5.827935005072504,896.5513889997965,5091.54424778761
1782999782,10,,Aggregated,4.800000,0.000000,16,26,39,50,79,140,880,890,900,900,900,456,0,16,55.32981681164784,5.827935005072504,896.5513889997965,5051.228070175439
1782999783,10,,Aggregated,4.900000,0.000000,16,26,38,50,79,140,880,890,900,900,900,461,0,16,55.074703893938015,5.827935005072504,896.5513889997965,5083.726681127982
1782999784,10,,Aggregated,4.600000,0.000000,16,26,39,50,79,140,880,890,900,900,900,464,0,16,54.880485528256344,5.827935005072504,896.5513889997965,5071.075431034483
1782999785,10,,Aggregated,4.800000,0.000000,16,26,38,50,79,140,880,890,900,900,900,472,0,16,54.13021676933136,5.827935005072504,896.5513889997965,5044.565677966101
1782999786,10,,Aggregated,4.600000,0.000000,16,26,38,49,79,140,880,890,900,900,900,477,0,16,53.83375153905945,5.827935005072504,896.5513889997965,5023.232704402516
1782999787,10,,Aggregated,4.600000,0.000000,16,26,38,49,79,140,880,890,900,900,900,479,0,16,53.66804423200446,5.827935005072504,896.5513889997965,5043.536534446764
1782999788,10,,Aggregated,4.700000,0.000000,16,26,38,49,78,130,880,890,900,900,900,482,0,16,53.49886942350767,5.827935005072504,896.5513889997965,5018.159751037344
1782999789,10,,Aggregated,4.700000,0.000000,16,26,38,50,79,130,880,890,900,900,900,487,0,16,53.326314967421474,5.827935005072504,896.5513889997965,5005.624229979466
1782999790,10,,Aggregated,4.400000,0.000000,16,26,38,49,78,130,880,890,900,900,900,491,0,16,52.98440006542669,5.827935005072504,896.5513889997965,4973.4602851323825
1782999791,10,,Aggregated,4.400000,0.000000,16,26,38,50,78,130,880,890,900,900,900,495,0,16,52.772904816421686,5.827935005072504,896.5513889997965,4975.393939393939
1782999792,10,,Aggregated,4.300000,0.000000,16,25,38,49,78,130,880,890,900,900,900,500,0,16,52.370426936264266,5.827935005072504,896.5513889997965,4936.94
1782999793,10,,Aggregated,4.300000,0.000000,16,25,38,49,78,130,440,890,900,900,900,507,0,16,52.09289841247753,5.827935005072504,896.5513889997965,4963.65483234714
1782999794,10,,Aggregated,4.400000,0.000000,16,25,38,49,78,130,440,890,900,900,900,510,0,16,51.84192018847063,5.827935005072504,896.5513889997965,4948.754901960784
1782999795,10,,Aggregated,4.400000,0.000000,16,25,36,49,77,130,440,890,900,900,900,515,0,16,51.467358561397134,5.827935005072504,896.5513889997965,4956.75145631068
1782999796,10,,Aggregated,4.700000,0.000000,16,25,36,49,77,130,440,890,900,900,900,518,0,16,51.28396653498486,5.827935005072504,896.5513889997965,5004.6370656370655
1782999797,10,,Aggregated,4.500000,0.000000,16,25,36,49,77,120,440,890,900,900,900,525,0,16,50.953295070711256,5.827935005072504,896.5513889997965,5014.251428571429
1782999798,10,,Aggregated,4.200000,0.000000,16,25,34,49,77,120,440,890,900,900,900,529,0,16,50.67749975259844,5.827935005072504,896.5513889997965,5020.7504725897925
1782999799,10,,Aggregated,4.500000,0.000000,16,25,34,48,75,120,440,890,900,900,900,531,0,16,50.546920970093794,5.827935005072504,896.5513889997965,5041.323917137476
1782999800,10,,Aggregated,4.600000,0.000000,16,25,34,48,75,120,440,890,900,900,900,539,0,16,50.1366117664753,5.827935005072504,896.5513889997965,5065.382189239333
1782999801,10,,Aggregated,4.400000,0.000000,16,25,33,48,74,120,440,890,900,900,900,541,0,16,50.001744623164164,5.827935005072504,896.5513889997965,5054.98336414048
1782999802,10,,Aggregated,4.800000,0.000000,16,25,33,48,74,120,440,890,900,900,900,545,0,16,49.78630877088717,5.827935005072504,896.5513889997965,5049.515596330275
1782999803,10,,Aggregated,4.600000,0.000000,16,25,33,48,74,120,440,890,900,900,900,549,0,16,49.566567778034525,5.827935005072504,896.5513889997965,5086.854280510018
1782999804,10,,Aggregated,4.500000,0.000000,16,25,33,48,73,120,440,890,900,900,900,555,0,16,49.33747443447083,5.827935005072504,896.5513889997965,5052.500900900901
1782999805,10,,Aggregated,4.400000,0.000000,16,25,33,48,73,120,440,890,900,900,900,558,0,16,49.121268978736204,5.827935005072504,896.5513889997965,5032.70788530466
1782999806,10,,Aggregated,4.300000,0.000000,16,25,33,48,73,120,440,890,900,900,900,564,0,16,48.860542817618295,5.827935005072504,896.5513889997965,5104.177304964539
1782999807,10,,Aggregated,4.200000,0.000000,16,25,33,48,73,120,440,890,900,900,900,570,0,16,48.56919384934978,5.827935005072504,896.5513889997965,5135.41403508772
1782999808,10,,Aggregated,4.500000,0.000000,16,25,33,48,73,120,440,890,900,900,900,575,0,16,48.41079744199068,5.827935005072504,896.5513889997965,5128.267826086956
1782999809,10,,Aggregated,4.500000,0.000000,16,24,33,48,73,120,440,890,900,900,900,578,0,16,48.211426093664215,5.827935005072504,896.5513889997965,5117.660899653979
1782999810,10,,Aggregated,4.600000,0.000000,16,24,33,48,72,120,440,890,900,900,900,582,0,16,48.04185487136834,5.827935005072504,896.5513889997965,5102.43470790378
1782999811,10,,Aggregated,4.900000,0.000000,16,24,33,48,73,120,440,890,900,900,900,588,0,16,47.785960047859795,5.827935005072504,896.5513889997965,5092.772108843537
1782999812,10,,Aggregated,4.900000,0.000000,16,24,32,48,72,120,440,890,900,900,900,591,0,16,47.59436799516148,5.827935005072504,896.5513889997965,5081.181049069374
1782999813,10,,Aggregated,4.600000,0.000000,16,24,32,48,72,120,440,890,900,900,900,596,0,16,47.372401109310616,5.827935005072504,896.5513889997965,5060.7399328859065
1782999814,10,,Aggregated,4.800000,0.000000,16,24,32,48,72,120,420,890,900,900,900,602,0,16,47.023981148072004,5.827935005072504,896.5513889997965,5062.455149501661
1782999815,10,,Aggregated,4.700000,0.000000,16,24,32,48,72,120,420,890,900,900,900,608,0,16,46.89678059889957,5.827935005072504,896.5513889997965,5019.034539473684
1782999816,10,,Aggregated,4.800000,0.000000,16,23,32,48,72,120,420,890,900,900,900,612,0,16,46.8334191472678,5.827935005072504,896.5513889997965,4993.308823529412
1782999817,10,,Aggregated,4.700000,0.000000,15,23,32,48,72,120,420,890,900,900,900,616,0,15,46.59040259273799,5.827935005072504,896.5513889997965,4970.087662337663
1782999818,10,,Aggregated,4.800000,0.000000,15,23,30,48,72,120,420,890,900,900,900,622,0,15,46.35727562881906,5.827935005072504,896.5513889997965,4939.17845659164
1782999819,10,,Aggregated,4.900000,0.000000,15,23,30,48,72,120,420,890,900,900,900,624,0,15,46.263752322328145,5.827935005072504,896.5513889997965,4974.967948717948
1782999820,10,,Aggregated,4.900000,0.000000,15,23,30,48,72,120,420,890,900,900,900,628,0,15,46.035106595763,5.827935005072504,896.5513889997965,4980.880573248408
1782999821,10,,Aggregated,4.500000,0.000000,15,23,29,47,72,120,420,890,900,900,900,633,0,15,45.83024115979241,5.827935005072504,896.5513889997965,5037.42654028436
1782999822,10,,Aggregated,4.600000,0.000000,15,23,29,47,72,120,420,890,900,900,900,639,0,15,45.509160721678384,5.827935005072504,896.5513889997965,5019.802816901409
1782999823,10,,Aggregated,4.600000,0.000000,15,23,29,47,72,120,420,890,900,900,900,640,0,15,45.457665454921425,5.827935005072504,896.5513889997965,5015.4859375
1782999824,10,,Aggregated,4.300000,0.000000,15,23,29,47,72,110,420,890,900,900,900,649,0,15,45.16809206649538,5.827935005072504,896.5513889997965,5007.656394453004
1782999825,10,,Aggregated,4.600000,0.000000,15,23,29,47,71,110,420,890,900,900,900,652,0,15,45.01411579471419,5.827935005072504,896.5513889997965,5015.7177914110425
1782999826,10,,Aggregated,4.300000,0.000000,15,23,29,47,71,110,420,890,900,900,900,659,0,15,44.81472840083914,5.827935005072504,896.5513889997965,4999.306525037936
1782999827,10,,Aggregated,4.900000,0.000000,15,23,29,47,70,110,420,890,900,900,900,662,0,15,44.72634784161223,5.827935005072504,896.5513889997965,4978.965256797583
1782999828,10,,Aggregated,4.500000,0.000000,15,23,29,47,70,110,420,890,900,900,900,666,0,15,44.59448753625914,5.827935005072504,896.5513889997965,4980.279279279279
1782999829,10,,Aggregated,4.500000,0.000000,15,23,29,47,70,110,420,890,900,900,900,672,0,15,44.31008584695172,5.827935005072504,896.5513889997965,4986.805059523809
1782999830,10,,Aggregated,4.200000,0.000000,15,23,28,46,70,110,420,890,900,900,900,676,0,15,44.1375786718149,5.827935005072504,896.5513889997965,4989.818047337278
1782999831,10,,Aggregated,4.500000,0.000000,15,22,28,46,69,110,420,890,900,900,900,683,0,15,43.816277663487895,5.827935005072504,896.5513889997965,5014.0292825768665
1782999832,10,,Aggregated,4.800000,0.000000,15,22,28,46,69,110,420,890,900,900,900,687,0,15,43.70991683867048,5.827935005072504,896.5513889997965,5023.522561863173
1782999833,10,,Aggregated,4.800000,0.000000,15,22,28,46,69,110,420,890,900,900,900,689,0,15,43.61444124261957,5.827935005072504,896.5513889997965,5013.628447024674
1782999834,10,,Aggregated,5.100000,0.000000,15,22,28,46,69,110,420,890,900,900,900,695,0,15,43.45783691247339,5.827935005072504,896.5513889997965,5032.897841726619
1782999835,10,,Aggregated,4.900000,0.000000,15,22,28,45,69,110,420,890,900,900,900,700,0,15,43.25675907881565,5.827935005072504,896.5513889997965,5055.755714285714
1782999836,10,,Aggregated,4.900000,0.000000,15,22,28,45,68,100,410,890,900,900,900,703,0,15,43.19748142414359,5.827935005072504,896.5513889997965,5062.496443812233
1782999837,10,,Aggregated,4.500000,0.000000,15,22,28,45,68,100,410,890,900,900,900,707,0,15,43.00474295639171,5.827935005072504,896.5513889997965,5040.05657708628
1782999838,10,,Aggregated,4.600000,0.000000,15,22,28,44,67,100,410,890,900,900,900,714,0,15,42.739695243939174,5.827935005072504,896.5513889997965,5092.242296918767
1782999839,10,,Aggregated,4.700000,0.000000,15,22,28,44,67,100,410,890,900,900,900,717,0,15,42.620370258238474,5.827935005072504,896.5513889997965,5101.216178521618
1782999840,10,,Aggregated,4.700000,0.000000,15,22,28,44,67,100,410,890,900,900,900,721,0,15,42.49244809592339,5.827935005072504,896.5513889997965,5086.411927877947
1782999841,10,,Aggregated,4.700000,0.000000,15,22,28,44,67,100,410,890,900,900,900,726,0,15,42.43346439690652,5.827935005072504,896.5513889997965,5097.900826446281
1782999842,10,,Aggregated,4.300000,0.000000,15,22,28,44,67,100,410,890,900,900,900,730,0,15,42.27832053308192,5.827935005072504,896.5513889997965,5107.041095890411
1782999843,10,,Aggregated,4.300000,0.000000,15,22,27,43,67,100,410,890,900,900,900,737,0,15,42.005732201009856,5.827935005072504,896.5513889997965,5128.3527815468115
1782999844,10,,Aggregated,4.200000,0.000000,15,22,27,43,67,100,410,890,900,900,900,739,0,15,41.92139258205849,5.827935005072504,896.5513889997965,5120.569688768606
1782999845,10,,Aggregated,4.400000,0.000000,15,22,27,43,66,98,410,890,900,900,900,748,0,15,41.61264544269157,5.827935005072504,896.5513889997965,5117.189839572193
1782999846,10,,Aggregated,4.600000,0.000000,15,22,27,43,66,98,410,890,900,900,900,749,0,15,41.57675684129963,5.827935005072504,896.5513889997965,5113.35914552737
1782999847,10,,Aggregated,4.500000,0.000000,15,22,27,43,66,98,390,890,900,900,900,755,0,15,41.38321187965871,5.827935005072504,896.5513889997965,5080.0013245033115
1782999848,10,,Aggregated,4.800000,0.000000,15,22,27,43,66,98,390,890,900,900,900,759,0,15,41.304440466587465,5.827935005072504,896.5513889997965,5090.932806324111
1782999849,10,,Aggregated,4.400000,0.000000,15,22,27,43,65,97,390,890,900,900,900,764,0,15,41.151664322174334,5.827935005072504,896.5513889997965,5073.128272251309
1782999850,10,,Aggregated,4.600000,0.000000,15,22,27,43,65,97,390,890,900,900,900,769,0,15,41.04085375310334,5.827935005072504,896.5513889997965,5079.4551365409625
1782999851,10,,Aggregated,4.500000,0.000000,15,22,27,42,65,97,390,890,900,900,900,772,0,14,40.93917492374896,5.827935005072504,896.5513889997965,5080.567357512953
1782999852,10,,Aggregated,4.500000,0.000000,15,22,27,43,65,97,390,890,900,900,900,774,0,14,40.91784964875184,5.827935005072504,896.5513889997965,5068.980620155039
1782999853,10,,Aggregated,4.700000,0.000000,14,22,27,42,65,97,390,890,900,900,900,779,0,14,40.744760439191175,5.827935005072504,896.5513889997965,5073.029525032092
1782999854,10,,Aggregated,4.700000,0.000000,14,22,27,42,65,95,390,890,900,900,900,786,0,14,40.602045766060975,5.827935005072504,896.5513889997965,5090.344783715012
1782999855,10,,Aggregated,4.300000,0.000000,14,22,27,41,64,95,390,890,900,900,900,791,0,14,40.41722781431738,5.827935005072504,896.5513889997965,5086.032869785082
1782999856,10,,Aggregated,4.300000,0.000000,14,21,27,40,64,95,390,890,900,900,900,797,0,14,40.193477476936934,5.827935005072504,896.5513889997965,5061.859473023839
1782999857,10,,Aggregated,4.300000,0.000000,14,21,27,40,64,95,390,890,900,900,900,797,0,14,40.193477476936934,5.827935005072504,896.5513889997965,5061.859473023839
1782999858,10,,Aggregated,4.400000,0.000000,14,22,27,42,65,95,390,890,900,900,900,804,0,14,40.17200751383567,5.827935005072504,896.5513889997965,5070.273631840796
1782999859,10,,Aggregated,4.700000,0.000000,14,22,27,41,65,95,390,890,900,900,900,808,0,14,40.0845203343178,5.827935005072504,896.5513889997965,5117.891089108911
1782999860,10,,Aggregated,4.300000,0.000000,14,22,27,42,65,95,390,890,900,900,900,809,0,14,40.09877393711714,5.827935005072504,896.5513889997965,5112.030902348579
1782999861,10,,Aggregated,4.500000,0.000000,14,22,27,40,64,95,390,890,900,900,900,817,0,14,39.843152388136645,5.827935005072504,896.5513889997965,5125.477356181151
1782999862,10,,Aggregated,4.300000,0.000000,14,22,27,40,64,95,390,890,900,900,900,820,0,14,39.75760091720653,5.827935005072504,896.5513889997965,5156.515853658537
1782999863,10,,Aggregated,4.400000,0.000000,14,21,27,40,64,91,390,890,900,900,900,827,0,14,39.580667083585695,5.827935005072504,896.5513889997965,5162.475211608223
1782999864,10,,Aggregated,4.300000,0.000000,14,21,27,39,63,91,390,890,900,900,900,831,0,14,39.45647854528413,5.827935005072504,896.5513889997965,5169.819494584837
1782999865,10,,Aggregated,4.500000,0.000000,14,21,27,39,63,91,390,890,900,900,900,835,0,14,39.33202970077104,5.827935005072504,896.5513889997965,5187.511377245509
1782999866,10,,Aggregated,4.600000,0.000000,14,21,27,38,63,90,390,890,900,900,900,841,0,14,39.20574112383029,5.827935005072504,896.5513889997965,5207.046373365041
1782999867,10,,Aggregated,4.500000,0.000000,14,21,27,38,63,90,390,890,900,900,900,845,0,14,39.08544190904951,5.827935005072504,896.5513889997965,5207.608284023669
1782999868,10,,Aggregated,4.500000,0.000000,14,21,27,38,62,90,380,890,900,900,900,851,0,14,38.92037333625216,5.827935005072504,896.5513889997965,5242.652173913043
1782999869,10,,Aggregated,4.500000,0.000000,14,21,27,38,62,90,380,890,900,900,900,855,0,14,38.79023234872045,5.827935005072504,896.5513889997965,5244.080701754386
1782999870,10,,Aggregated,4.800000,0.000000,14,21,27,38,62,90,380,890,900,900,900,860,0,14,38.615165289711726,5.827935005072504,896.5513889997965,5220.247674418604
1782999871,10,,Aggregated,4.700000,0.000000,14,21,27,36,60,89,380,890,900,900,900,863,0,14,38.539172897046825,5.827935005072504,896.5513889997965,5247.996523754346
1782999872,10,,Aggregated,4.900000,0.000000,14,21,26,36,60,89,380,890,900,900,900,868,0,14,38.40830428127807,5.827935005072504,896.5513889997965,5267.014976958525
1782999873,10,,Aggregated,4.800000,0.000000,14,21,26,36,60,89,380,890,900,900,900,872,0,14,38.354749242131184,5.827935005072504,896.5513889997965,5247.737385321101
1782999874,10,,Aggregated,4.700000,0.000000,14,21,26,36,60,89,380,890,900,900,900,874,0,14,38.29224583311502,5.827935005072504,896.5513889997965,5238.622425629291
1782999875,10,,Aggregated,5.000000,0.000000,14,21,26,36,60,89,380,890,900,900,900,881,0,14,38.16066519653753,5.827935005072504,896.5513889997965,5201.6821793416575
1782999876,10,,Aggregated,4.600000,0.000000,14,21,26,36,60,89,380,890,900,900,900,885,0,14,38.0351374589356,5.827935005072504,896.5513889997965,5203.1581920903955
1782999877,10,,Aggregated,4.400000,0.000000,14,21,26,34,60,89,380,890,900,900,900,890,0,14,37.87241169455719,4.90512100077467,896.5513889997965,5212.102247191011
1782999878,10,,Aggregated,4.600000,0.000000,14,21,26,34,60,89,380,890,900,900,900,895,0,14,37.80184768843686,4.90512100077467,896.5513889997965,5251.387709497207
1782999879,10,,Aggregated,4.500000,0.000000,14,21,26,34,60,89,380,890,900,900,900,900,0,14,37.66951223460233,4.90512100077467,896.5513889997965,5281.967777777778
1782999880,10,,Aggregated,4.400000,0.000000,14,21,26,33,59,88,350,880,900,900,900,903,0,14,37.58361170225892,4.90512100077467,896.5513889997965,5268.116279069767
1782999881,10,,Aggregated,4.500000,0.000000,14,21,26,33,59,88,350,880,900,900,900,907,0,14,37.47412805526867,4.90512100077467,896.5513889997965,5270.175303197354
1782999882,10,,Aggregated,4.400000,0.000000,14,21,26,34,59,88,350,880,900,900,900,915,0,14,37.38090548319379,4.90512100077467,896.5513889997965,5269.500546448087
1782999883,10,,Aggregated,4.300000,0.000000,14,21,26,34,59,88,350,880,900,900,900,919,0,14,37.34179327325359,4.90512100077467,896.5513889997965,5270.155603917301
1782999884,10,,Aggregated,4.400000,0.000000,14,21,26,33,59,88,350,880,900,900,900,923,0,14,37.23077566426233,4.90512100077467,896.5513889997965,5274.421451787649
1782999885,10,,Aggregated,4.400000,0.000000,14,21,26,33,59,88,350,880,900,900,900,927,0,14,37.113529509296676,4.90512100077467,896.5513889997965,5275.71736785329
1782999886,10,,Aggregated,4.600000,0.000000,14,21,26,33,58,88,350,880,900,900,900,934,0,14,36.99403215752713,4.90512100077467,896.5513889997965,5309.980728051391
1782999887,10,,Aggregated,5.000000,0.000000,14,21,26,33,58,88,350,880,900,900,900,937,0,14,36.90436010686542,4.90512100077467,896.5513889997965,5295.668089647812
1782999888,10,,Aggregated,4.400000,0.000000,14,21,26,33,58,85,350,880,900,900,900,941,0,14,36.804219366773566,4.90512100077467,896.5513889997965,5298.12008501594
1782999889,10,,Aggregated,4.800000,0.000000,14,20,26,33,58,85,350,880,900,900,900,947,0,14,36.661608301085536,4.90512100077467,896.5513889997965,5298.868004223865
1782999890,10,,Aggregated,4.700000,0.000000,14,20,26,33,58,85,350,880,900,900,900,950,0,14,36.64310203803134,4.90512100077467,896.5513889997965,5298.69052631579
1782999891,10,,Aggregated,4.400000,0.000000,14,20,26,33,58,85,350,880,900,900,900,955,0,14,36.53612500850504,4.90512100077467,896.5513889997965,5335.593717277487
1782999892,10,,Aggregated,4.700000,0.000000,14,20,26,33,58,85,350,880,900,900,900,960,0,14,36.46795280325629,4.90512100077467,896.5513889997965,5352.086458333333
1782999893,10,,Aggregated,4.700000,0.000000,14,20,26,32,58,85,350,880,900,900,900,963,0,14,36.402724833986994,4.90512100077467,896.5513889997965,5371.560747663551
1782999894,10,,Aggregated,4.800000,0.000000,14,20,26,33,58,85,350,880,900,900,900,969,0,14,36.32643039951633,4.90512100077467,896.5513889997965,5364.040247678018
1782999895,10,,Aggregated,4.500000,0.000000,14,20,26,32,58,85,350,880,900,900,900,973,0,14,36.22183627864595,4.90512100077467,896.5513889997965,5346.39157245632
1782999896,10,,Aggregated,4.500000,0.000000,14,20,26,32,58,85,350,880,900,900,900,977,0,14,36.17748171250302,4.90512100077467,896.5513889997965,5346.138178096213
1782999897,10,,Aggregated,4.400000,0.000000,14,20,26,33,58,84,350,880,900,900,900,982,0,14,36.124935115182176,4.90512100077467,896.5513889997965,5329.761710794297
1782999898,10,,Aggregated,4.600000,0.000000,14,20,26,33,58,84,350,880,900,900,900,983,0,14,36.10061735413453,4.90512100077467,896.5513889997965,5326.635808748729
1782999899,10,,Aggregated,4.200000,0.000000,14,20,26,33,58,84,350,880,900,900,900,989,0,14,35.99958362295903,4.90512100077467,896.5513889997965,5329.754297269969
1782999900,10,,Aggregated,4.400000,0.000000,14,20,26,33,58,84,350,880,900,900,900,994,0,14,35.971276751615825,4.90512100077467,896.5513889997965,5326.438631790745
1782999901,10,,Aggregated,4.200000,0.000000,14,20,26,33,58,84,350,880,900,900,900,998,0,14,35.862031236582496,4.90512100077467,896.5513889997965,5322.9228456913825
1782999902,10,,Aggregated,4.100000,0.000000,14,20,25,32,57,84,160,440,900,900,900,1003,0,14,35.743087777787075,4.90512100077467,896.5513889997965,5339.923230309073
1782999903,10,,Aggregated,4.300000,0.000000,14,20,25,32,57,84,160,440,900,900,900,1006,0,14,35.662986578650205,4.90512100077467,896.5513889997965,5325.9602385685885
1782999904,10,,Aggregated,4.200000,0.000000,14,20,25,32,57,84,160,440,900,900,900,1012,0,14,35.53892448925843,4.90512100077467,896.5513889997965,5360.560276679842
1782999905,10,,Aggregated,4.300000,0.000000,14,20,25,32,57,84,160,440,900,900,900,1015,0,14,35.471569086821276,4.90512100077467,896.5513889997965,5365.035467980296
1782999906,10,,Aggregated,4.300000,0.000000,14,20,25,32,57,84,170,440,900,900,900,1021,0,14,35.523588265543246,4.90512100077467,896.5513889997965,5361.702252693438
1782999907,10,,Aggregated,4.300000,0.000000,14,20,25,32,57,84,170,440,900,900,900,1025,0,14,35.4264038127972,4.90512100077467,896.5513889997965,5348.848780487805
1782999908,10,,Aggregated,4.200000,0.000000,14,20,25,32,57,84,170,440,900,900,900,1030,0,14,35.39874001274177,4.90512100077467,896.5513889997965,5344.94854368932
1782999909,10,,Aggregated,4.400000,0.000000,14,20,25,32,57,84,170,440,900,900,900,1037,0,14,35.27473321804986,4.90512100077467,896.5513889997965,5351.125361620057
1782999910,10,,Aggregated,4.300000,0.000000,14,19,25,32,57,84,170,440,900,900,900,1040,0,14,35.21255372896541,4.90512100077467,896.5513889997965,5351.221153846154
1782999911,10,,Aggregated,4.700000,0.000000,14,19,25,30,57,84,170,440,900,900,900,1042,0,14,35.164522263072016,4.90512100077467,896.5513889997965,5353.7082533589255
1782999912,10,,Aggregated,4.900000,0.000000,14,20,25,32,57,84,170,440,900,900,900,1047,0,14,35.1186470239952,4.90512100077467,896.5513889997965,5348.69340974212
1782999913,10,,Aggregated,4.700000,0.000000,14,19,25,30,57,84,160,440,900,900,900,1052,0,14,35.0112740676133,4.90512100077467,896.5513889997965,5373.855513307984
1782999914,10,,Aggregated,4.400000,0.000000,14,19,25,30,57,84,160,440,900,900,900,1057,0,14,34.89821016852059,4.90512100077467,896.5513889997965,5382.982970671713
1782999915,10,,Aggregated,4.400000,0.000000,14,19,25,30,57,84,160,440,900,900,900,1060,0,14,34.84017525294786,4.90512100077467,896.5513889997965,5410.749056603773
1782999916,10,,Aggregated,4.500000,0.000000,14,19,25,30,57,80,160,440,900,900,900,1065,0,14,34.74348737571843,4.90512100077467,896.5513889997965,5460.844131455399
1782999917,10,,Aggregated,4.600000,0.000000,14,19,25,30,57,80,160,440,900,900,900,1069,0,14,34.700338214344974,4.90512100077467,896.5513889997965,5461.90739008419
1782999918,10,,Aggregated,4.500000,0.000000,14,19,25,30,56,80,160,440,900,900,900,1073,0,14,34.62695102062793,4.90512100077467,896.5513889997965,5486.989748369058
1782999919,10,,Aggregated,4.400000,0.000000,14,19,25,30,56,80,160,440,900,900,900,1078,0,14,34.597199461172316,4.90512100077467,896.5513889997965,5493.299628942486
1782999920,10,,Aggregated,4.400000,0.000000,14,19,25,30,56,80,160,440,900,900,900,1081,0,14,34.617942839171796,4.90512100077467,896.5513889997965,5502.717853839038
1782999921,10,,Aggregated,4.300000,0.000000,14,19,25,30,56,80,160,440,900,900,900,1088,0,14,34.49971494038597,4.90512100077467,896.5513889997965,5484.502757352941
1782999922,10,,Aggregated,4.100000,0.000000,14,19,25,30,56,80,160,440,900,900,900,1091,0,14,34.455106671990045,4.90512100077467,896.5513889997965,5507.307057745188
1782999923,10,,Aggregated,4.000000,0.000000,14,19,25,30,56,80,160,440,900,900,900,1096,0,14,34.39545493899731,4.90512100077467,896.5513889997965,5486.385948905109
1782999924,10,,Aggregated,4.600000,0.000000,14,19,25,30,56,80,160,440,900,900,900,1100,0,14,34.316313120130374,4.90512100077467,896.5513889997965,5488.539090909091
1782999925,10,,Aggregated,4.400000,0.000000,14,19,25,29,56,80,140,440,900,900,900,1103,0,14,34.24328693485517,4.90512100077467,896.5513889997965,5480.718948322756
1782999926,10,,Aggregated,4.400000,0.000000,14,19,25,29,56,80,140,440,900,900,900,1107,0,14,34.18580007872344,4.90512100077467,896.5513889997965,5470.764227642277
1782999927,10,,Aggregated,4.200000,0.000000,14,19,24,29,56,80,140,440,900,900,900,1112,0,14,34.096823700663585,4.90512100077467,896.5513889997965,5490.122302158274
1782999928,10,,Aggregated,4.300000,0.000000,14,19,24,29,56,80,140,440,900,900,900,1117,0,14,34.00250219439373,4.90512100077467,896.5513889997965,5514.452103849597
1782999929,10,,Aggregated,4.200000,0.000000,14,19,24,29,56,79,140,440,900,900,900,1121,0,14,34.019365797627955,4.90512100077467,896.5513889997965,5530.374665477252
1782999931,10,,Aggregated,4.300000,0.000000,14,19,24,29,56,79,140,440,900,900,900,1124,0,14,33.96760098589232,4.90512100077467,896.5513889997965,5550.622775800712
1782999932,10,,Aggregated,4.400000,0.000000,14,19,24,29,56,79,140,440,900,900,900,1130,0,14,33.927335506334714,4.90512100077467,896.5513889997965,5559.243362831859
1782999933,10,,Aggregated,4.200000,0.000000,14,19,24,29,56,79,140,440,900,900,900,1133,0,14,33.86485874153371,4.90512100077467,896.5513889997965,5548.008826125331
1782999934,10,,Aggregated,4.300000,0.000000,14,19,24,29,56,79,140,440,900,900,900,1139,0,14,33.74935155325842,4.90512100077467,896.5513889997965,5562.57594381036
1782999935,10,,Aggregated,4.200000,0.000000,14,19,24,29,56,79,140,440,900,900,900,1143,0,14,33.69903346120925,4.90512100077467,896.5513889997965,5544.632545931759
1782999936,10,,Aggregated,4.200000,0.000000,14,19,24,29,56,79,140,440,900,900,900,1148,0,14,33.61198186686356,4.90512100077467,896.5513889997965,5563.143728222996
1782999937,10,,Aggregated,4.300000,0.000000,14,19,24,29,56,79,140,440,900,900,900,1153,0,14,33.54772627595233,4.90512100077467,896.5513889997965,5563.60537727667
1782999938,10,,Aggregated,4.300000,0.000000,14,19,24,29,56,79,140,440,900,900,900,1158,0,14,33.50588892501731,4.90512100077467,896.5513889997965,5585.606217616581
1782999939,10,,Aggregated,4.500000,0.000000,14,19,24,29,56,79,140,440,900,900,900,1160,0,14,33.4932370863467,4.90512100077467,896.5513889997965,5578.848275862069
1782999940,10,,Aggregated,4.600000,0.000000,14,19,24,29,56,78,140,440,900,900,900,1165,0,14,33.39223185421243,4.90512100077467,896.5513889997965,5584.078111587983
1782999941,10,,Aggregated,4.300000,0.000000,14,19,24,29,56,78,140,440,900,900,900,1170,0,14,33.3560279377365,4.90512100077467,896.5513889997965,5578.539316239317
1782999942,10,,Aggregated,4.300000,0.000000,14,19,24,29,56,78,140,440,900,900,900,1174,0,14,33.26987759212277,4.90512100077467,896.5513889997965,5563.210391822828
1782999943,10,,Aggregated,4.300000,0.000000,14,19,24,29,56,78,140,440,900,900,900,1178,0,14,33.25562046957696,4.90512100077467,896.5513889997965,5573.039049235993
1782999944,10,,Aggregated,4.500000,0.000000,14,19,24,28,56,77,140,440,900,900,900,1183,0,14,33.16589600266923,4.90512100077467,896.5513889997965,5570.268808114962
1782999945,10,,Aggregated,4.500000,0.000000,14,19,24,28,56,77,140,440,900,900,900,1188,0,14,33.06846860787516,4.90512100077467,896.5513889997965,5575.53367003367
1782999946,10,,Aggregated,4.500000,0.000000,14,19,24,28,56,77,140,440,900,900,900,1189,0,14,33.06520966960029,4.90512100077467,896.5513889997965,5587.277544154752
1782999947,10,,Aggregated,4.300000,0.000000,14,19,24,28,56,77,140,440,900,900,900,1196,0,14,33.005108822868216,4.90512100077467,896.5513889997965,5564.880434782609
1782999948,10,,Aggregated,4.300000,0.000000,14,19,24,28,56,77,140,440,900,900,900,1198,0,14,32.96662218960587,4.90512100077467,896.5513889997965,5556.955759599332
1782999949,10,,Aggregated,4.200000,0.000000,14,19,24,29,56,77,140,420,900,900,900,1204,0,14,32.923347926188825,4.5194799968157895,896.5513889997965,5547.754983388704
1782999950,10,,Aggregated,4.000000,0.000000,14,19,24,29,56,77,140,420,900,900,900,1209,0,14,32.905496394653284,4.5194799968157895,896.5513889997965,5537.3267162944585
1782999951,10,,Aggregated,4.000000,0.000000,14,19,24,29,56,77,140,420,900,900,900,1213,0,14,32.8744609951555,4.5194799968157895,896.5513889997965,5536.380049464138
1782999952,10,,Aggregated,4.400000,0.000000,14,19,24,29,56,77,140,420,900,900,900,1218,0,14,32.779139733267286,4.5194799968157895,896.5513889997965,5533.1133004926105
1782999953,10,,Aggregated,4.400000,0.000000,14,19,24,28,56,76,140,420,900,900,900,1221,0,14,32.72845755865456,4.5194799968157895,896.5513889997965,5536.913185913186
1782999954,10,,Aggregated,4.200000,0.000000,14,19,24,28,56,76,140,420,900,900,900,1225,0,14,32.666226804175665,4.5194799968157895,896.5513889997965,5537.50612244898
1782999955,10,,Aggregated,4.200000,0.000000,14,19,24,28,56,76,140,420,900,900,900,1230,0,14,32.607173113921625,4.5194799968157895,896.5513889997965,5551.1
1782999956,10,,Aggregated,4.300000,0.000000,14,19,24,28,56,76,140,420,900,900,900,1235,0,14,32.52487220819794,4.5194799968157895,896.5513889997965,5561.863967611336
1782999957,10,,Aggregated,4.100000,0.000000,14,19,24,28,56,76,140,420,900,900,900,1237,0,14,32.49151046897486,4.5194799968157895,896.5513889997965,5555.357316087308
1782999958,10,,Aggregated,4.400000,0.000000,14,19,24,28,56,76,140,420,900,900,900,1243,0,14,32.4736764691137,4.5194799968157895,896.5513889997965,5583.219629927595
1782999959,10,,Aggregated,4.600000,0.000000,14,19,24,28,56,76,140,420,900,900,900,1249,0,14,32.4145173948086,4.5194799968157895,896.5513889997965,5580.967974379503
1782999960,10,,Aggregated,4.500000,0.000000,14,19,23,28,56,76,130,420,900,900,900,1254,0,14,32.318098403605475,4.5194799968157895,896.5513889997965,5565.94019138756
1782999961,10,,Aggregated,4.500000,0.000000,14,19,23,28,56,76,130,420,900,900,900,1255,0,14,32.30319937778752,4.5194799968157895,896.5513889997965,5562.156972111554
1782999962,10,,Aggregated,4.700000,0.000000,14,19,23,28,56,76,130,420,900,900,900,1262,0,14,32.2106801799692,4.5194799968157895,896.5513889997965,5558.481774960381
1782999963,10,,Aggregated,4.200000,0.000000,14,19,23,28,56,76,130,420,900,900,900,1267,0,14,32.131953655984724,4.5194799968157895,896.5513889997965,5565.653512233623
1782999964,10,,Aggregated,4.600000,0.000000,14,19,23,28,55,76,130,420,900,900,900,1272,0,14,32.079152659693676,4.5194799968157895,896.5513889997965,5563.092767295598
1782999965,10,,Aggregated,4.600000,0.000000,14,19,23,28,55,76,130,420,900,900,900,1275,0,14,32.05667430598873,4.5194799968157895,896.5513889997965,5566.313725490196
1782999966,10,,Aggregated,4.500000,0.000000,14,19,23,28,55,76,130,420,900,900,900,1279,0,14,31.995268298777773,4.5194799968157895,896.5513889997965,5579.849882720876
1782999967,10,,Aggregated,4.700000,0.000000,14,19,23,28,55,75,130,420,900,900,900,1283,0,14,31.95394487150154,4.5194799968157895,896.5513889997965,5590.270459859704
1782999968,10,,Aggregated,4.400000,0.000000,14,19,23,28,55,75,130,420,900,900,900,1288,0,14,31.87994191314755,4.5194799968157895,896.5513889997965,5593.149844720497
1782999969,10,,Aggregated,4.600000,0.000000,14,19,23,28,55,75,130,420,900,900,900,1293,0,14,31.826321203516414,4.5194799968157895,896.5513889997965,5587.713843774169
1782999970,10,,Aggregated,4.400000,0.000000,14,19,23,28,55,75,130,420,900,900,900,1297,0,14,31.790186599193717,4.5194799968157895,896.5513889997965,5573.877409406322
1782999971,10,,Aggregated,4.400000,0.000000,14,19,23,28,55,75,130,420,900,900,900,1299,0,14,31.755137306506903,4.5194799968157895,896.5513889997965,5566.134719014627
1782999972,10,,Aggregated,4.300000,0.000000,14,19,23,28,55,74,130,420,900,900,900,1304,0,14,31.711574858239988,4.5194799968157895,896.5513889997965,5567.628834355828
1782999973,10,,Aggregated,4.300000,0.000000,14,19,23,28,55,74,130,420,900,900,900,1307,0,14,31.666372853207058,4.5194799968157895,896.5513889997965,5571.149196633512
1782999974,10,,Aggregated,4.400000,0.000000,14,19,23,28,55,74,130,420,900,900,900,1312,0,14,31.612061907880182,4.5194799968157895,896.5513889997965,5595.83993902439
1782999975,10,,Aggregated,4.100000,0.000000,14,19,23,28,55,74,130,420,900,900,900,1317,0,14,31.538003463283363,4.5194799968157895,896.5513889997965,5607.320425208808
1782999976,10,,Aggregated,4.100000,0.000000,14,19,23,28,55,74,130,420,900,900,900,1320,0,14,31.4934864576902,4.5194799968157895,896.5513889997965,5610.251515151515
1782999977,10,,Aggregated,4.100000,0.000000,13,19,23,28,55,73,130,420,900,900,900,1327,0,13,31.41576567908605,4.5194799968157895,896.5513889997965,5595.383571966842
1782999978,10,,Aggregated,4.100000,0.000000,13,19,23,28,55,73,130,420,900,900,900,1328,0,13,31.39788917932963,4.5194799968157895,896.5513889997965,5591.375
1782999979,10,,Aggregated,4.100000,0.000000,13,19,23,28,55,73,130,420,900,900,900,1333,0,13,31.358054732293247,4.5194799968157895,896.5513889997965,5600.866466616654
1782999980,10,,Aggregated,4.300000,0.000000,13,19,23,27,55,73,130,420,900,900,900,1338,0,13,31.271632341661483,4.5194799968157895,896.5513889997965,5584.319880418535
1782999981,10,,Aggregated,4.100000,0.000000,13,19,23,28,55,73,130,420,900,900,900,1343,0,13,31.269675446124875,4.5194799968157895,896.5513889997965,5582.057334326136
1782999982,10,,Aggregated,4.100000,0.000000,13,19,23,27,55,73,130,420,900,900,900,1346,0,13,31.223556332201174,4.5194799968157895,896.5513889997965,5576.908618127786
1782999983,10,,Aggregated,4.200000,0.000000,13,19,23,27,55,73,120,420,900,900,900,1351,0,13,31.208738008248687,4.5194799968157895,896.5513889997965,5576.849000740192
1782999984,10,,Aggregated,4.400000,0.000000,13,19,23,28,55,73,120,420,900,900,900,1357,0,13,31.184897793025566,4.5194799968157895,896.5513889997965,5568.997052321297
1782999985,10,,Aggregated,4.400000,0.000000,13,19,23,27,55,73,120,420,900,900,900,1361,0,13,31.124270860497553,4.5194799968157895,896.5513889997965,5583.642909625276
1782999986,10,,Aggregated,4.400000,0.000000,13,19,23,27,55,73,120,420,900,900,900,1364,0,13,31.075407503036583,4.5194799968157895,896.5513889997965,5575.264662756598
1782999987,10,,Aggregated,4.500000,0.000000,13,19,23,27,55,73,120,420,900,900,900,1370,0,13,31.00662950521299,4.5194799968157895,896.5513889997965,5558.086131386861
1782999988,10,,Aggregated,4.500000,0.000000,13,19,23,27,55,73,120,420,900,900,900,1376,0,13,30.987249051704143,4.5194799968157895,896.5513889997965,5586.784156976744
1782999989,10,,Aggregated,4.400000,0.000000,13,19,23,27,55,73,120,420,900,900,900,1379,0,13,30.939382762981246,4.5194799968157895,896.5513889997965,5577.055837563452
